Scan,DL Bat. V,DC Volts(EB),DC Amps(EB),DC Watts(EB),DC Wh (EB),DC Volts(ET),DC Amps(ET),DC Watts(ET),DC Wh(ET),DC Volts(PT),DC Amps(PT),DC Watts(PT),DC Wh(PT)
Feb 29 2016  9:48AM,11.851,166.546,5.377,895.45,2444.049,163.183,5.254,857.429,2407.046,159.376,5.195,827.967,1408.165
Feb 29 2016  9:49AM,11.856,167.034,5.324,889.306,2444.063,163.342,5.216,851.953,2407.06,159.364,5.168,823.555,1408.18
Feb 29 2016  9:50AM,11.864,166.744,5.451,908.917,2444.078,163.264,5.324,869.273,2407.075,159.373,5.265,839.148,1408.193
Feb 29 2016  9:51AM,11.853,166.554,5.423,903.231,2444.093,163.283,5.313,867.464,2407.089,159.371,5.26,838.339,1408.208
Feb 29 2016  9:52AM,11.852,166.468,5.455,908.108,2444.109,163.24,5.322,868.71,2407.102,159.374,5.269,839.815,1408.221
Feb 29 2016  9:53AM,11.864,166.459,5.47,910.558,2444.123,159.53,5.443,868.365,2407.117,159.386,5.286,842.577,1408.236
Feb 29 2016  9:54AM,11.852,166.574,5.509,917.646,2444.139,163.287,5.365,876.037,2407.131,159.388,5.319,847.811,1408.249
Feb 29 2016  9:55AM,11.861,166.4,5.522,918.856,2444.154,159.568,5.497,877.158,2407.147,159.391,5.329,849.356,1408.265
Feb 29 2016  9:56AM,11.857,166.18,5.501,914.173,2444.17,159.567,5.483,874.963,2407.16,159.408,5.318,847.717,1408.278
Feb 29 2016  9:57AM,11.858,165.914,5.533,918.006,2444.185,159.569,5.51,879.265,2407.176,159.387,5.354,853.321,1408.291
Feb 29 2016  9:58AM,11.858,165.078,5.572,919.839,2444.199,159.547,5.523,881.174,2407.19,159.387,5.36,854.321,1408.306
Feb 29 2016  9:59AM,11.852,165.168,5.607,926.115,2444.216,159.568,5.559,886.97,2407.206,159.373,5.388,858.768,1408.319
Feb 29 2016 10:00AM,11.854,164.999,5.619,927.164,2444.23,159.558,5.569,888.63,2407.219,159.363,5.398,860.294,1408.335
Feb 29 2016 10:01AM,11.854,165.241,5.645,932.757,2444.247,159.577,5.604,894.294,2407.236,159.362,5.434,865.996,1408.348
Feb 29 2016 10:02AM,11.858,165.439,5.667,937.611,2444.262,159.619,5.628,898.319,2407.25,159.383,5.459,870.078,1408.364
Feb 29 2016 10:03AM,11.856,165.683,5.697,943.853,2444.279,159.577,5.638,899.649,2407.266,159.383,5.47,871.894,1408.378
Feb 29 2016 10:04AM,11.851,165.676,5.765,955.143,2444.294,159.628,5.684,907.326,2407.28,159.384,5.521,879.999,1408.394
Feb 29 2016 10:05AM,11.862,165.763,5.766,955.794,2444.311,159.619,5.732,914.881,2407.296,159.426,5.554,885.486,1408.407
Feb 29 2016 10:06AM,11.859,165.995,5.773,958.237,2444.325,159.616,5.743,916.607,2407.31,159.371,5.572,888.006,1408.423
Feb 29 2016 10:07AM,11.86,164.98,5.8,956.836,2444.343,159.635,5.746,917.252,2407.327,159.382,5.573,888.21,1408.437
Feb 29 2016 10:08AM,11.857,164.811,5.802,956.312,2444.358,159.615,5.74,916.149,2407.341,159.359,5.561,886.266,1408.453
Feb 29 2016 10:09AM,11.859,165.439,5.865,970.355,2444.375,159.616,5.8,925.819,2407.357,159.374,5.628,896.948,1408.467
Feb 29 2016 10:10AM,11.862,164.511,5.833,959.531,2444.39,159.638,5.804,926.495,2407.372,159.263,5.624,895.75,1408.483
Feb 29 2016 10:11AM,11.864,165.06,5.843,964.458,2444.407,159.595,5.791,924.17,2407.388,159.253,5.61,893.343,1408.497
Feb 29 2016 10:12AM,11.862,165.248,5.864,969.019,2444.422,159.704,5.81,927.94,2407.403,159.396,5.632,897.698,1408.512
Feb 29 2016 10:13AM,11.864,165.303,5.916,977.883,2444.439,159.627,5.858,935.117,2407.417,159.389,5.677,904.93,1408.526
Feb 29 2016 10:14AM,11.864,165.907,5.928,983.555,2444.455,159.626,5.898,941.469,2407.434,159.383,5.718,911.365,1408.543
Feb 29 2016 10:15AM,11.863,165.264,5.979,988.089,2444.472,159.63,5.926,945.956,2407.448,159.397,5.738,914.609,1408.557
Feb 29 2016 10:16AM,11.864,165.127,5.935,979.945,2444.488,159.643,5.882,938.999,2407.465,159.379,5.695,907.729,1408.573
Feb 29 2016 10:17AM,11.856,165.042,5.97,985.379,2444.505,159.669,5.905,942.833,2407.48,159.429,5.715,911.218,1408.588
Feb 29 2016 10:18AM,11.864,165.087,5.99,988.87,2444.521,159.637,5.931,946.798,2407.497,159.4,5.738,914.566,1408.604
Feb 29 2016 10:19AM,11.858,164.891,5.992,988.028,2444.536,159.653,5.929,946.53,2407.511,159.396,5.732,913.677,1408.618
Feb 29 2016 10:20AM,11.856,165.128,6.038,996.997,2444.554,159.656,5.986,955.669,2407.529,157.452,5.865,923.456,1408.632
Feb 29 2016 10:21AM,11.867,164.941,6.063,1000.093,2444.57,159.765,6.003,959.084,2407.543,157.645,5.873,925.814,1408.649
Feb 29 2016 10:22AM,11.862,160.808,6.222,1000.543,2444.587,159.664,6.03,962.813,2407.56,157.551,5.892,928.357,1408.664
Feb 29 2016 10:23AM,11.864,160.731,6.253,1005.084,2444.603,159.688,6.054,966.78,2407.575,157.558,5.916,932.031,1408.68
Feb 29 2016 10:24AM,11.854,160.72,6.263,1006.528,2444.621,159.682,6.063,968.078,2407.593,157.543,5.923,933.065,1408.695
Feb 29 2016 10:25AM,11.857,160.81,6.27,1008.274,2444.637,159.678,6.074,969.922,2407.607,157.61,5.931,934.804,1408.712
Feb 29 2016 10:26AM,11.862,164.189,6.215,1020.425,2444.655,159.671,6.123,977.688,2407.625,157.615,5.981,942.651,1408.726
Feb 29 2016 10:27AM,11.863,160.984,6.349,1022.038,2444.671,159.668,6.152,982.32,2407.64,157.587,6.014,947.725,1408.743
Feb 29 2016 10:28AM,11.859,164.122,6.249,1025.656,2444.689,159.681,6.152,982.424,2407.658,157.63,6.01,947.429,1408.757
Feb 29 2016 10:29AM,11.854,162.224,6.355,1030.978,2444.705,159.68,6.188,988.174,2407.673,157.524,6.058,954.347,1408.775
Feb 29 2016 10:30AM,11.855,163.338,6.372,1040.846,2444.724,159.692,6.245,997.348,2407.69,157.604,6.106,962.382,1408.79
Feb 29 2016 10:31AM,11.866,162.499,6.394,1039.011,2444.74,159.719,6.241,996.86,2407.707,157.538,6.104,961.617,1408.807
Feb 29 2016 10:32AM,11.855,161.661,6.435,1040.254,2444.757,159.733,6.251,998.455,2407.723,157.531,6.108,962.161,1408.823
Feb 29 2016 10:33AM,11.856,161.59,6.409,1035.702,2444.776,159.725,6.213,992.441,2407.741,157.51,6.068,955.805,1408.838
Feb 29 2016 10:34AM,11.862,161.546,6.41,1035.426,2444.792,159.717,6.216,992.761,2407.756,157.533,6.072,956.608,1408.855
Feb 29 2016 10:35AM,11.855,161.553,6.411,1035.649,2444.811,159.696,6.218,992.908,2407.774,157.555,6.079,957.794,1408.87
Feb 29 2016 10:36AM,11.863,161.576,6.452,1042.432,2444.827,159.729,6.26,999.85,2407.79,157.56,6.112,963.016,1408.887
Feb 29 2016 10:37AM,11.867,161.561,6.382,1031.12,2444.845,159.691,6.193,988.909,2407.805,157.447,6.044,951.678,1408.902
Feb 29 2016 10:38AM,11.867,161.563,6.379,1030.677,2444.862,159.698,6.197,989.64,2407.823,158.277,6.014,951.913,1408.919
Feb 29 2016 10:39AM,11.861,161.586,6.435,1039.715,2444.878,159.721,6.252,998.592,2407.838,158.096,6.081,961.448,1408.934
Feb 29 2016 10:40AM,11.857,161.56,6.474,1045.955,2444.896,159.745,6.294,1005.474,2407.856,158.531,6.1,967.057,1408.949
Feb 29 2016 10:41AM,11.861,161.485,6.478,1046.085,2444.913,159.73,6.305,1007.035,2407.872,158.659,6.114,970.101,1408.966
Feb 29 2016 10:42AM,11.866,161.489,6.545,1056.962,2444.931,159.739,6.369,1017.329,2407.89,158.914,6.16,978.951,1408.981
Feb 29 2016 10:43AM,11.866,161.6,6.576,1062.657,2444.948,159.784,6.405,1023.457,2407.906,158.93,6.198,985.06,1408.999
Feb 29 2016 10:44AM,11.866,161.425,6.537,1055.186,2444.967,159.738,6.372,1017.799,2407.923,156.741,6.163,966.053,1409.014
Feb 29 2016 10:45AM,11.866,161.585,6.574,1062.302,2444.983,159.743,6.403,1022.823,2407.939,158.901,6.201,985.262,1409.031
Feb 29 2016 10:46AM,11.858,161.58,6.592,1065.066,2445.002,159.74,6.415,1024.749,2407.957,158.878,6.201,985.264,1409.047
Feb 29 2016 10:47AM,11.866,161.267,6.607,1065.417,2445.019,159.735,6.421,1025.67,2407.973,158.874,6.204,985.59,1409.064
Feb 29 2016 10:48AM,11.861,161.042,6.593,1061.765,2445.038,159.768,6.399,1022.349,2407.992,158.876,6.182,982.153,1409.079
Feb 29 2016 10:49AM,11.859,161.448,6.592,1064.32,2445.054,159.6,6.416,1023.928,2408.008,158.867,6.183,982.26,1409.097
Feb 29 2016 10:50AM,11.864,161.546,6.646,1073.627,2445.074,159.622,6.468,1032.472,2408.026,158.878,6.226,989.089,1409.112
Feb 29 2016 10:51AM,11.866,161.539,6.69,1080.646,2445.09,159.666,6.512,1039.765,2408.042,155.72,6.424,1000.26,1409.13
Feb 29 2016 10:52AM,11.856,161.537,6.737,1088.242,2445.11,159.686,6.563,1047.968,2408.061,156.191,6.45,1007.461,1409.146
Feb 29 2016 10:53AM,11.856,161.561,6.768,1093.38,2445.127,159.682,6.615,1056.328,2408.078,156.993,6.467,1015.321,1409.164
Feb 29 2016 10:54AM,11.866,161.557,6.838,1104.688,2445.146,159.704,6.651,1062.151,2408.096,156.962,6.499,1020.076,1409.179
Feb 29 2016 10:55AM,11.867,161.565,6.846,1106.08,2445.164,159.74,6.662,1064.192,2408.113,156.966,6.515,1022.591,1409.198
Feb 29 2016 10:56AM,11.86,161.539,6.709,1083.786,2445.183,159.606,6.613,1055.489,2408.132,156.939,6.392,1003.111,1409.214
Feb 29 2016 10:57AM,11.866,161.484,6.679,1078.49,2445.2,159.651,6.506,1038.732,2408.148,156.81,6.423,1007.24,1409.232
Feb 29 2016 10:58AM,11.868,158.528,5.898,935.02,2445.219,159.472,5.696,908.319,2408.163,156.806,5.391,845.42,1409.247
Feb 29 2016 10:59AM,11.861,160.326,6.537,1048.084,2445.234,159.049,6.371,1013.247,2408.18,158.999,6.16,979.444,1409.263
Feb 29 2016 11:00AM,11.862,159.286,6.159,981.021,2445.252,153.335,5.674,869.95,2408.196,151.527,6.066,919.172,1409.278
Feb 29 2016 11:01AM,11.865,159.98,5.763,921.914,2445.267,158.886,5.546,881.175,2408.212,155.35,5.634,875.252,1409.291
Feb 29 2016 11:02AM,11.867,160.273,6.502,1042.055,2445.283,158.697,6.294,998.833,2408.227,156.936,6.226,977.053,1409.308
Feb 29 2016 11:03AM,11.858,161.167,5.11,823.592,2445.298,158.885,4.883,775.83,2408.241,154.168,4.93,760.008,1409.322
Feb 29 2016 11:04AM,11.858,162.932,6.908,1125.57,2445.315,160.423,6.73,1079.586,2408.258,157.202,6.517,1024.472,1409.336
Feb 29 2016 11:05AM,11.866,160.795,6.621,1064.638,2445.332,159.674,6.337,1011.918,2408.274,158.716,6.18,980.886,1409.354
Feb 29 2016 11:06AM,11.863,160.909,6.307,1014.88,2445.351,159.176,6.056,963.895,2408.292,155.749,5.908,920.136,1409.369
Feb 29 2016 11:07AM,11.862,160.924,6.415,1032.248,2445.367,160.455,6.193,993.758,2408.308,159.814,6.08,971.599,1409.386
Feb 29 2016 11:08AM,11.865,160.955,6.434,1035.57,2445.386,160.267,6.125,981.653,2408.326,157.051,6.159,967.231,1409.401
Feb 29 2016 11:09AM,11.859,164.667,6.873,1131.798,2445.402,160.384,6.764,1084.84,2408.342,156.902,6.654,1043.941,1409.418
Feb 29 2016 11:10AM,11.868,160.629,6.529,1048.804,2445.422,159.982,6.14,982.222,2408.358,157.754,6.017,949.226,1409.434
Feb 29 2016 11:11AM,11.863,160.819,7.137,1147.844,2445.439,160.35,6.889,1104.586,2408.377,155.951,6.812,1062.253,1409.452
Feb 29 2016 11:12AM,11.86,160.836,7.102,1142.278,2445.46,160.188,6.871,1100.684,2408.395,155.859,6.786,1057.654,1409.469
Feb 29 2016 11:13AM,11.855,160.795,7.115,1143.97,2445.478,159.583,6.89,1099.497,2408.414,155.765,6.788,1057.282,1409.488
Feb 29 2016 11:14AM,11.867,160.8,7.148,1149.412,2445.496,158.816,6.971,1107.132,2408.431,155.724,6.819,1061.855,1409.504
Feb 29 2016 11:15AM,11.87,160.792,7.057,1134.652,2445.516,160.251,6.749,1081.565,2408.451,155.71,6.728,1047.639,1409.521
Feb 29 2016 11:16AM,11.863,160.446,6.936,1112.824,2445.533,159.994,6.684,1069.429,2408.467,156.552,6.619,1036.185,1409.538
Feb 29 2016 11:17AM,11.87,160.808,6.759,1086.818,2445.552,158.921,6.543,1039.79,2408.486,156.074,6.49,1012.896,1409.554
Feb 29 2016 11:18AM,11.861,160.779,6.433,1034.352,2445.569,158.593,6.299,999.016,2408.501,156.793,6.148,963.914,1409.572
Feb 29 2016 11:19AM,11.861,160.8,6.245,1004.122,2445.587,158.585,6.095,966.66,2408.52,156.989,5.973,937.657,1409.587
Feb 29 2016 11:20AM,11.854,160.626,6.771,1087.629,2445.603,158.521,6.58,1043.069,2408.534,156.829,6.461,1013.338,1409.603
Feb 29 2016 11:21AM,11.869,160.796,6.861,1103.261,2445.623,158.582,6.667,1057.322,2408.554,155.152,6.602,1024.284,1409.62
Feb 29 2016 11:22AM,11.863,160.782,6.833,1098.565,2445.64,158.785,6.671,1059.319,2408.57,155.16,6.609,1025.434,1409.637
Feb 29 2016 11:23AM,11.865,160.753,6.935,1114.832,2445.66,159.796,6.687,1068.536,2408.589,155.248,6.674,1036.173,1409.653
Feb 29 2016 11:24AM,11.87,160.74,6.844,1100.046,2445.677,158.628,6.665,1057.326,2408.605,155.256,6.565,1019.296,1409.672
Feb 29 2016 11:25AM,11.866,160.725,6.699,1076.718,2445.697,159.402,6.492,1034.859,2408.624,155.116,6.432,997.703,1409.688
Feb 29 2016 11:26AM,11.863,160.744,6.664,1071.183,2445.714,159.604,6.418,1024.406,2408.64,159.757,6.186,988.242,1409.705
Feb 29 2016 11:27AM,11.858,160.79,6.935,1115.146,2445.733,159.807,6.726,1074.866,2408.659,156.219,6.591,1029.642,1409.721
Feb 29 2016 11:28AM,11.868,160.765,6.92,1112.528,2445.75,159.753,6.756,1079.294,2408.676,156.201,6.653,1039.244,1409.739
Feb 29 2016 11:29AM,11.862,160.75,7.042,1132.013,2445.77,158.082,6.893,1089.62,2408.696,155.669,6.645,1034.419,1409.755
Feb 29 2016 11:30AM,11.866,160.6,7.068,1135.103,2445.788,157.945,6.912,1091.672,2408.712,155.676,6.682,1040.176,1409.774
Feb 29 2016 11:31AM,11.865,159.69,7.117,1136.515,2445.808,157.897,6.935,1094.945,2408.729,155.199,6.769,1050.52,1409.791
Feb 29 2016 11:32AM,11.866,159.531,7.066,1127.291,2445.826,157.337,6.937,1091.372,2408.75,155.018,6.713,1040.59,1409.808
Feb 29 2016 11:33AM,11.858,160.003,6.963,1114.121,2445.844,159.467,6.735,1074.098,2408.767,155.053,6.618,1026.205,1409.826
Feb 29 2016 11:34AM,11.856,159.537,7.102,1133.072,2445.863,157.347,6.896,1085.005,2408.784,155.132,6.739,1045.475,1409.843
Feb 29 2016 11:35AM,11.87,159.324,7.119,1134.152,2445.882,157.898,6.913,1091.512,2408.803,155.066,6.758,1047.903,1409.859
Feb 29 2016 11:36AM,11.865,159.756,7.061,1127.974,2445.9,157.928,6.877,1086.047,2408.82,155.058,6.722,1042.357,1409.878
Feb 29 2016 11:37AM,11.862,159.533,7.126,1136.756,2445.92,157.604,6.949,1095.187,2408.839,155.084,6.739,1045.024,1409.894
Feb 29 2016 11:38AM,11.869,159.232,7.263,1156.55,2445.938,156.963,7.09,1112.935,2408.857,155.107,6.875,1066.425,1409.913
Feb 29 2016 11:39AM,11.868,158.908,7.314,1162.291,2445.959,156.322,7.149,1117.619,2408.877,155.079,6.913,1072.106,1409.929
Feb 29 2016 11:40AM,11.865,158.755,7.311,1160.717,2445.977,156.088,7.163,1117.996,2408.894,153.617,6.972,1071.008,1409.949
Feb 29 2016 11:41AM,11.87,158.287,7.286,1153.235,2445.998,156.122,7.127,1112.701,2408.914,153.558,6.955,1067.949,1409.965
Feb 29 2016 11:42AM,11.862,158.632,7.292,1156.762,2446.016,156.175,7.145,1115.838,2408.931,154.204,6.933,1069.116,1409.984
Feb 29 2016 11:43AM,11.869,159.249,7.319,1165.585,2446.037,156.104,7.151,1116.267,2408.951,155.086,6.904,1070.707,1410.001
Feb 29 2016 11:44AM,11.859,159.263,7.223,1150.374,2446.054,156.187,7.138,1114.89,2408.969,155.109,6.889,1068.552,1410.02
Feb 29 2016 11:45AM,11.859,159.454,7.243,1154.935,2446.075,156.073,7.117,1110.848,2408.989,154.988,6.931,1074.253,1410.037
Feb 29 2016 11:46AM,11.867,158.84,7.297,1159.095,2446.093,156.061,7.131,1112.82,2409.006,154.685,6.913,1069.365,1410.056
Feb 29 2016 11:47AM,11.861,159.54,7.313,1166.625,2446.114,156.068,7.146,1115.184,2409.023,155.099,6.908,1071.454,1410.073
Feb 29 2016 11:48AM,11.869,158.489,7.235,1146.627,2446.132,156.073,7.109,1109.516,2409.043,154.465,6.925,1069.68,1410.092
Feb 29 2016 11:49AM,11.869,157.751,7.304,1152.26,2446.153,156.082,7.11,1109.824,2409.061,153.922,6.894,1061.172,1410.109
Feb 29 2016 11:50AM,11.861,157.402,7.304,1149.629,2446.17,155.539,7.117,1106.899,2409.08,153.387,6.937,1064.016,1410.128
Feb 29 2016 11:51AM,11.868,156.931,7.303,1146.137,2446.189,154.89,7.146,1106.831,2409.097,153.362,6.935,1063.548,1410.144
Feb 29 2016 11:52AM,11.865,157.028,7.264,1140.607,2446.209,154.678,7.14,1104.433,2409.117,153.458,6.902,1059.143,1410.161
Feb 29 2016 11:53AM,11.865,157.345,7.253,1141.267,2446.227,154.657,7.113,1099.996,2409.134,153.491,6.909,1060.452,1410.179
Feb 29 2016 11:54AM,11.863,157.359,7.285,1146.296,2446.248,155.408,7.12,1106.484,2409.154,153.463,6.926,1062.955,1410.196
Feb 29 2016 11:55AM,11.869,157.475,7.309,1151.041,2446.265,155.581,7.146,1111.814,2409.171,153.447,6.963,1068.377,1410.215
Feb 29 2016 11:56AM,11.87,156.968,7.309,1147.311,2446.286,154.996,7.151,1108.364,2409.191,153.47,6.943,1065.594,1410.232
Feb 29 2016 11:57AM,11.861,156.938,7.321,1148.944,2446.304,155.456,7.14,1109.935,2409.208,153.482,6.949,1066.6,1410.251
Feb 29 2016 11:58AM,11.862,156.948,7.309,1147.137,2446.324,155.46,7.131,1108.599,2409.226,153.395,6.941,1064.709,1410.267
Feb 29 2016 11:59AM,11.863,156.872,7.282,1142.36,2446.343,155.1,7.115,1103.573,2409.246,153.468,6.913,1060.921,1410.284
Feb 29 2016 12:00PM,11.868,157.242,7.264,1142.266,2446.361,155.487,7.095,1103.232,2409.263,153.482,6.904,1059.589,1410.303
Feb 29 2016 12:01PM,11.865,157.055,7.272,1142.06,2446.382,155.509,7.089,1102.376,2409.28,153.474,6.901,1059.147,1410.319
Feb 29 2016 12:02PM,11.862,156.822,7.299,1144.73,2446.4,155.35,7.126,1106.946,2409.301,153.504,6.92,1062.191,1410.337
Feb 29 2016 12:03PM,11.868,156.817,7.332,1149.863,2446.418,155.42,7.149,1111.087,2409.319,153.338,6.961,1067.451,1410.356
Feb 29 2016 12:04PM,11.864,156.328,7.361,1150.803,2446.439,153.154,7.268,1113.114,2409.336,153.063,6.972,1067.227,1410.373
Feb 29 2016 12:05PM,11.871,156.158,7.348,1147.38,2446.457,153.813,7.22,1110.551,2409.355,153.413,6.939,1064.615,1410.392
Feb 29 2016 12:06PM,11.862,155.551,7.363,1145.362,2446.477,153.475,7.202,1105.388,2409.373,153.28,6.935,1062.961,1410.408
Feb 29 2016 12:07PM,11.864,155.145,7.384,1145.544,2446.495,153.481,7.206,1105.98,2409.392,153.22,6.924,1060.931,1410.427
Feb 29 2016 12:08PM,11.864,155.242,7.304,1133.854,2446.516,153.585,7.165,1100.471,2409.409,151.853,6.962,1057.213,1410.443
Feb 29 2016 12:09PM,11.86,155.553,7.314,1137.689,2446.533,153.695,7.158,1100.174,2409.429,151.779,6.972,1058.224,1410.462
Feb 29 2016 12:10PM,11.866,155.837,7.287,1135.647,2446.551,153.647,7.195,1105.439,2409.446,151.527,7.002,1060.95,1410.479
Feb 29 2016 12:11PM,11.862,155.319,7.271,1129.337,2446.571,153.521,7.127,1094.063,2409.466,151.534,6.945,1052.468,1410.495
Feb 29 2016 12:12PM,11.868,155.359,7.205,1119.376,2446.589,153.523,7.087,1088.061,2409.483,151.531,6.9,1045.587,1410.514
Feb 29 2016 12:13PM,11.868,155.502,7.24,1125.766,2446.609,153.495,7.139,1095.858,2409.502,151.536,6.951,1053.387,1410.53
Feb 29 2016 12:14PM,11.866,155.881,7.226,1126.454,2446.627,153.56,7.106,1091.171,2409.52,151.539,6.922,1048.987,1410.549
Feb 29 2016 12:15PM,11.864,156.26,7.263,1134.905,2446.647,153.868,7.135,1097.821,2409.539,151.608,6.952,1053.982,1410.565
Feb 29 2016 12:16PM,11.872,156.397,7.277,1138.154,2446.665,154.658,7.119,1101.021,2409.556,154.475,6.844,1057.245,1410.584
Feb 29 2016 12:17PM,11.872,156.32,7.312,1143.008,2446.685,154.792,7.149,1106.601,2409.576,152.434,7.013,1069.071,1410.6
Feb 29 2016 12:18PM,11.87,156.762,7.348,1151.823,2446.703,155.213,7.173,1113.391,2409.594,152.732,7.004,1069.706,1410.62
Feb 29 2016 12:19PM,11.867,156.94,7.371,1156.832,2446.723,155.216,7.204,1118.219,2409.613,154.565,6.934,1071.694,1410.636
Feb 29 2016 12:20PM,11.87,156.581,7.391,1157.365,2446.741,154.909,7.206,1116.284,2409.631,154.121,6.945,1070.303,1410.655
Feb 29 2016 12:21PM,11.862,156.382,7.392,1156.035,2446.762,154.99,7.24,1122.156,2409.651,151.777,7.057,1071.137,1410.672
Feb 29 2016 12:22PM,11.865,156.674,7.411,1161.131,2446.78,155.059,7.203,1116.904,2409.668,151.731,7.077,1073.87,1410.692
Feb 29 2016 12:23PM,11.864,157.062,7.385,1159.87,2446.801,155.383,7.2,1118.754,2409.686,151.637,7.062,1070.875,1410.708
Feb 29 2016 12:24PM,11.87,157.135,7.337,1152.954,2446.82,155.38,7.145,1110.227,2409.706,151.512,7.011,1062.211,1410.728
Feb 29 2016 12:25PM,11.864,157.048,7.26,1140.124,2446.84,155.403,7.117,1105.969,2409.723,151.547,6.975,1056.981,1410.744
Feb 29 2016 12:26PM,11.871,157.083,7.223,1134.582,2446.857,155.373,7.041,1093.963,2409.742,151.51,6.908,1046.583,1410.763
Feb 29 2016 12:27PM,11.869,157.27,7.167,1127.089,2446.875,155.336,6.994,1086.476,2409.76,151.52,6.865,1040.135,1410.779
Feb 29 2016 12:28PM,11.869,157.734,7.195,1134.958,2446.896,155.353,7.034,1092.706,2409.779,151.52,6.899,1045.363,1410.795
Feb 29 2016 12:29PM,11.864,158.428,7.221,1144.057,2446.914,155.388,7.078,1099.788,2409.796,151.533,6.938,1051.254,1410.814
Feb 29 2016 12:30PM,11.869,158.089,7.256,1147.143,2446.934,155.378,7.1,1103.176,2409.815,151.583,6.959,1054.903,1410.83
Feb 29 2016 12:31PM,11.868,158.513,7.259,1150.652,2446.952,155.38,7.131,1108.074,2409.833,151.514,6.996,1059.939,1410.849
Feb 29 2016 12:32PM,11.864,158.092,7.253,1146.558,2446.973,155.38,7.101,1103.383,2409.851,151.697,6.95,1054.232,1410.866
Feb 29 2016 12:33PM,11.873,158.395,7.171,1135.871,2446.991,155.358,7.053,1095.758,2409.871,151.588,6.868,1041.048,1410.883
Feb 29 2016 12:34PM,11.864,158.156,7.27,1149.771,2447.009,155.382,7.12,1106.378,2409.888,151.615,6.99,1059.817,1410.901
Feb 29 2016 12:35PM,11.871,158.142,7.242,1145.323,2447.029,155.367,7.142,1109.662,2409.907,151.548,7.007,1061.85,1410.918
Feb 29 2016 12:36PM,11.87,156.362,7.274,1137.309,2447.047,155.387,7.108,1104.407,2409.924,151.541,6.976,1057.096,1410.937
Feb 29 2016 12:37PM,11.868,158.097,7.339,1160.341,2447.067,155.373,7.169,1113.852,2409.944,151.589,7.027,1065.175,1410.953
Feb 29 2016 12:38PM,11.869,156.151,7.33,1144.516,2447.085,155.234,7.129,1106.653,2409.961,150.063,7.043,1056.835,1410.972
Feb 29 2016 12:39PM,11.864,156.806,7.197,1128.598,2447.106,154.876,7.024,1087.89,2409.981,151.591,6.879,1042.745,1410.988
Feb 29 2016 12:40PM,11.872,156.811,6.811,1068.096,2447.123,155.2,6.606,1025.169,2409.997,151.129,6.558,991.076,1411.006
Feb 29 2016 12:41PM,11.864,159.915,6.943,1110.211,2447.142,154.857,6.835,1058.387,2410.016,148.637,6.865,1020.358,1411.022
Feb 29 2016 12:42PM,11.871,156.421,6.023,942.046,2447.158,154.717,5.822,900.752,2410.031,151.585,5.781,876.305,1411.039
Feb 29 2016 12:43PM,11.864,149.133,5.881,877.063,2447.175,155.517,5.622,874.328,2410.048,151.913,5.136,780.269,1411.052
Feb 29 2016 12:44PM,11.875,156.538,6.461,1011.385,2447.19,156.079,6.243,974.359,2410.062,149.932,5.782,866.977,1411.068
Feb 29 2016 12:45PM,11.872,158.721,6.921,1098.479,2447.208,154.791,6.936,1073.588,2410.08,149.375,6.874,1026.775,1411.083
Feb 29 2016 12:46PM,11.866,155.856,7.285,1135.363,2447.226,154.292,7.162,1105.093,2410.097,150.385,7.033,1057.648,1411.101
Feb 29 2016 12:47PM,11.865,155.807,7.333,1142.571,2447.246,153.034,7.256,1110.354,2410.116,150.248,7.073,1062.676,1411.118
Feb 29 2016 12:48PM,11.865,155.767,7.332,1142.149,2447.264,154.112,7.251,1117.424,2410.134,149.864,7.093,1063.043,1411.137
Feb 29 2016 12:49PM,11.864,155.776,7.387,1150.784,2447.284,153.087,7.296,1116.929,2410.154,152.278,7.034,1071.18,1411.153
Feb 29 2016 12:50PM,11.876,156.301,7.442,1163.131,2447.302,153.369,7.384,1132.436,2410.171,149.632,7.219,1080.214,1411.172
Feb 29 2016 12:51PM,11.862,157.025,7.395,1161.238,2447.323,154.105,7.274,1120.996,2410.188,149.626,7.191,1075.989,1411.189
Feb 29 2016 12:52PM,11.869,156.722,7.41,1161.258,2447.342,152.406,7.365,1122.512,2410.208,150.254,7.16,1075.857,1411.208
Feb 29 2016 12:53PM,11.865,156.736,7.402,1160.083,2447.36,153.37,7.396,1134.343,2410.226,149.536,7.211,1078.313,1411.225
Feb 29 2016 12:54PM,11.864,156.696,7.349,1151.5,2447.381,153.282,7.264,1113.497,2410.246,149.787,7.135,1068.671,1411.242
Feb 29 2016 12:55PM,11.87,155.808,7.405,1153.721,2447.399,152.286,7.331,1116.391,2410.264,149.651,7.126,1066.435,1411.261
Feb 29 2016 12:56PM,11.864,155.489,7.442,1157.131,2447.42,152.571,7.348,1121.149,2410.284,149.611,7.166,1072.151,1411.278
Feb 29 2016 12:57PM,11.864,155.21,7.496,1163.372,2447.438,151.863,7.425,1127.613,2410.302,149.619,7.22,1080.203,1411.298
Feb 29 2016 12:58PM,11.873,155.251,7.473,1160.199,2447.459,151.797,7.399,1123.158,2410.322,149.611,7.206,1078.083,1411.314
Feb 29 2016 12:59PM,11.872,155.195,7.418,1151.219,2447.477,151.789,7.343,1114.519,2410.339,149.608,7.123,1065.635,1411.334
Feb 29 2016  1:00PM,11.868,155.17,7.272,1128.398,2447.497,152.02,7.249,1101.924,2410.356,149.59,6.991,1045.795,1411.35
Feb 29 2016  1:01PM,11.87,155.156,7.135,1106.958,2447.514,151.779,7.056,1071.023,2410.376,149.593,6.843,1023.628,1411.369
Feb 29 2016  1:02PM,11.873,157.943,6.944,1096.813,2447.533,151.8,6.976,1058.904,2410.394,149.481,6.833,1021.346,1411.386
Feb 29 2016  1:03PM,11.873,155.936,6.541,1020.016,2447.552,154.067,6.624,1020.508,2410.409,149.84,6.407,960.089,1411.401
Feb 29 2016  1:04PM,11.863,156.191,6.473,1010.997,2447.566,153.594,6.321,970.822,2410.426,151.75,6.147,932.726,1411.417
Feb 29 2016  1:05PM,11.863,151.316,5.128,775.877,2447.579,155.184,5.018,778.675,2410.438,150.712,4.728,712.631,1411.427
Feb 29 2016  1:06PM,11.864,145.823,6.408,934.445,2447.591,147.035,6.503,956.147,2410.45,153.326,5.564,853.106,1411.438
Feb 29 2016  1:07PM,11.872,157.911,7.139,1127.289,2447.606,155.946,7.03,1096.308,2410.465,152.479,6.926,1056.006,1411.453
Feb 29 2016  1:08PM,11.863,158.305,7.281,1152.581,2447.627,155.343,7.196,1117.895,2410.485,153.33,7.001,1073.474,1411.47
Feb 29 2016  1:09PM,11.873,157.75,7.438,1173.262,2447.645,155.03,7.323,1135.214,2410.502,151.627,7.181,1088.813,1411.49
Feb 29 2016  1:10PM,11.867,157.484,7.477,1177.486,2447.666,154.162,7.38,1137.791,2410.522,151.563,7.204,1091.898,1411.507
Feb 29 2016  1:11PM,11.864,158.765,7.273,1154.662,2447.684,155.408,6.955,1080.88,2410.54,146.246,7.066,1033.395,1411.526
Feb 29 2016  1:12PM,11.866,156.732,7.017,1099.83,2447.703,150.543,7.491,1127.704,2410.558,153.611,5.827,895.171,1411.54
Feb 29 2016  1:13PM,11.867,158.365,7.558,1196.899,2447.721,154.833,7.478,1157.914,2410.575,152.856,7.256,1109.06,1411.56
Feb 29 2016  1:14PM,11.868,158.355,7.463,1181.809,2447.742,154.789,7.396,1144.887,2410.596,153.336,7.194,1103.181,1411.577
Feb 29 2016  1:15PM,11.865,158.258,7.369,1166.133,2447.761,154.795,7.269,1125.254,2410.614,153.754,7.044,1082.984,1411.597
Feb 29 2016  1:16PM,11.873,157.727,7.293,1150.359,2447.781,154.786,7.189,1112.718,2410.634,151.627,7.064,1071.085,1411.614
Feb 29 2016  1:17PM,11.865,155.81,7.325,1141.316,2447.799,154.76,7.144,1105.68,2410.65,151.531,7.012,1062.5,1411.632
Feb 29 2016  1:18PM,11.872,156.144,7.248,1131.749,2447.82,154.702,7.096,1097.713,2410.67,151.435,6.997,1059.656,1411.649
Feb 29 2016  1:19PM,11.875,155.952,7.302,1138.835,2447.837,154.086,7.163,1103.662,2410.688,151.456,7.052,1068.132,1411.668
Feb 29 2016  1:20PM,11.867,156.011,7.349,1146.467,2447.855,153.85,7.15,1100.05,2410.705,151.263,7.045,1065.682,1411.684
Feb 29 2016  1:21PM,11.864,156.295,7.369,1151.74,2447.876,153.842,7.287,1121.005,2410.725,151.288,7.098,1073.879,1411.701
Feb 29 2016  1:22PM,11.873,157.617,5.234,824.977,2447.893,153.699,5.299,814.52,2410.741,151.943,5.235,795.505,1411.719
Feb 29 2016  1:23PM,11.866,156.815,3.038,476.473,2447.905,154.355,3.003,463.503,2410.752,151.96,2.979,452.711,1411.729
Feb 29 2016  1:24PM,11.864,156.158,2.977,464.914,2447.912,154.848,2.907,450.094,2410.76,153.028,2.856,437.113,1411.737
Feb 29 2016  1:25PM,11.868,158.801,2.828,449.043,2447.92,155.455,2.783,432.603,2410.767,153.426,2.752,422.228,1411.743
Feb 29 2016  1:26PM,11.866,160.524,2.699,433.28,2447.927,156.546,2.658,416.141,2410.774,153.679,2.638,405.447,1411.751
Feb 29 2016  1:27PM,11.873,160.649,2.574,413.5,2447.935,157.73,2.538,400.288,2410.78,156.862,2.51,393.789,1411.757
Feb 29 2016  1:28PM,11.877,160.607,2.48,398.233,2447.941,158.506,2.425,384.362,2410.787,156.486,2.393,374.455,1411.764
Feb 29 2016  1:29PM,11.863,160.58,2.425,389.429,2447.947,158.557,2.376,376.756,2410.793,156.697,2.341,366.785,1411.77
Feb 29 2016  1:30PM,11.867,160.631,2.42,388.658,2447.954,158.723,2.371,376.367,2410.8,156.992,2.32,364.283,1411.776
Feb 29 2016  1:31PM,11.871,163.665,2.475,405.108,2447.96,158.732,2.435,386.581,2410.806,159.703,2.368,378.242,1411.782
Feb 29 2016  1:32PM,11.863,166.818,2.635,439.6,2447.968,158.498,2.645,419.187,2410.812,159.738,2.581,412.223,1411.788
Feb 29 2016  1:33PM,11.869,166.849,3.07,512.169,2447.975,162.382,2.955,479.827,2410.82,159.91,2.826,451.903,1411.797
Feb 29 2016  1:34PM,11.876,169.043,3.556,601.079,2447.985,164.76,3.512,578.576,2410.828,159.625,3.377,538.996,1411.804
Feb 29 2016  1:35PM,11.863,166.89,2.854,476.263,2447.992,160.408,2.861,458.863,2410.837,160.004,2.797,447.59,1411.811
Feb 29 2016  1:36PM,11.863,167.035,2.888,482.424,2448,160.427,2.899,465.028,2410.844,160.005,2.836,453.859,1411.819
Feb 29 2016  1:37PM,11.87,168.06,2.908,488.753,2448.009,160.416,2.941,471.796,2410.853,160.046,2.878,460.624,1411.826
Feb 29 2016  1:38PM,11.866,166.397,2.889,480.705,2448.016,160.254,2.914,467.058,2410.86,160.006,2.852,456.333,1411.835
Feb 29 2016  1:39PM,11.871,169.24,3.981,673.82,2448.025,157.008,4.243,666.147,2410.868,164.335,3.619,594.757,1411.842
Feb 29 2016  1:40PM,11.861,168.387,6.28,1057.521,2448.042,165.152,6.189,1022.095,2410.885,160.931,6.178,994.188,1411.859
Feb 29 2016  1:41PM,11.873,166.966,6.318,1054.917,2448.06,160.598,6.343,1018.688,2410.902,159.085,6.154,979.045,1411.874
Feb 29 2016  1:42PM,11.871,165.849,6.178,1024.564,2448.076,160.281,6.192,992.397,2410.918,159.027,5.987,952.031,1411.891
Feb 29 2016  1:43PM,11.863,165.018,6.37,1051.08,2448.094,160.055,6.379,1020.998,2410.935,159.419,6.148,980.083,1411.906
Feb 29 2016  1:44PM,11.864,161.425,6.445,1040.459,2448.11,160.233,6.251,1001.664,2410.951,158.314,6.135,971.313,1411.923
Feb 29 2016  1:45PM,11.865,160.687,5.421,871.068,2448.128,160.07,5.251,840.492,2410.968,158.203,5.271,833.873,1411.938
Feb 29 2016  1:46PM,11.866,160.719,5.885,945.887,2448.142,159.873,5.707,912.343,2410.981,156.689,5.699,892.912,1411.953
Feb 29 2016  1:47PM,11.862,160.699,6.484,1041.94,2448.16,159.126,6.363,1012.436,2410.997,157.638,6.19,975.796,1411.968
Feb 29 2016  1:48PM,11.877,160.692,6.556,1053.514,2448.176,158.867,6.49,1031.106,2411.014,156.473,6.395,1000.7,1411.985
Feb 29 2016  1:49PM,11.866,158.54,5.993,950.135,2448.194,159.202,5.356,852.598,2411.03,149.562,6.036,902.729,1412
Feb 29 2016  1:50PM,11.864,160.747,6.518,1047.7,2448.21,158.775,6.404,1016.789,2411.048,157.93,6.209,980.61,1412.017
Feb 29 2016  1:51PM,11.861,160.728,6.835,1098.532,2448.229,159.088,6.662,1059.913,2411.063,155.9,6.561,1022.779,1412.033
Feb 29 2016  1:52PM,11.873,160.822,6.894,1108.68,2448.247,160.346,6.686,1071.996,2411.083,156.394,6.62,1035.276,1412.051
Feb 29 2016  1:53PM,11.876,160.801,6.918,1112.357,2448.264,157.935,6.864,1084.092,2411.1,155.739,6.666,1038.15,1412.067
Feb 29 2016  1:54PM,11.87,160.796,6.881,1106.484,2448.284,159.36,6.744,1074.785,2411.119,156.326,6.616,1034.287,1412.083
Feb 29 2016  1:55PM,11.865,160.745,5.957,957.546,2448.3,156.2,5.94,927.796,2411.134,156.555,5.739,898.407,1412.1
Feb 29 2016  1:56PM,11.861,160.599,6.437,1033.72,2448.317,158.028,6.359,1004.899,2411.151,156.263,6.127,957.374,1412.115
Feb 29 2016  1:57PM,11.864,160.521,6.563,1053.424,2448.334,157.889,6.478,1022.78,2411.167,156.172,6.369,994.694,1412.132
Feb 29 2016  1:58PM,11.87,160.483,6.895,1106.585,2448.353,158.357,6.749,1068.743,2411.185,155.113,6.705,1040.023,1412.147
Feb 29 2016  1:59PM,11.869,159.131,6.762,1076.09,2448.369,155.724,6.663,1037.574,2411.202,152.787,6.52,996.177,1412.166
Feb 29 2016  2:00PM,11.869,159.233,6.611,1052.704,2448.388,156.472,6.493,1015.91,2411.219,156.197,6.246,975.624,1412.181
Feb 29 2016  2:32PM,11.873,158.507,6.867,1088.512,2448.406,157.972,6.71,1060.003,2411.237,158.718,2.826,448.558,1412.586
Feb 29 2016  2:33PM,11.87,160.048,6.911,1106.047,2448.423,156.078,6.867,1071.827,2411.253,162.769,3.376,549.565,1412.603
Feb 29 2016  2:34PM,11.864,160.303,6.905,1106.98,2448.443,155.436,6.911,1074.289,2411.272,158.886,2.97,471.962,1412.611
Feb 29 2016  2:35PM,11.87,158.626,6.9,1094.457,2448.46,156.669,6.771,1060.864,2411.29,159.396,2.943,469.092,1412.618
Feb 29 2016  2:36PM,11.867,158.611,6.735,1068.178,2448.477,155.732,6.657,1036.699,2411.306,159.358,2.973,473.753,1412.627
Feb 29 2016  2:37PM,11.864,158.322,6.67,1055.948,2448.496,155.174,6.468,1003.702,2411.324,159.457,2.957,471.549,1412.634
Feb 29 2016  2:38PM,11.872,158.53,6.339,1004.984,2448.512,155.47,6.188,961.987,2411.34,159.638,2.816,449.534,1412.641
Feb 29 2016  2:39PM,11.864,160.406,4.91,787.508,2448.528,156.443,4.833,756.033,2411.354,158.631,2.507,397.737,1412.649
Feb 29 2016  2:40PM,11.865,160.84,5.371,863.795,2448.541,156.482,5.319,832.346,2411.367,158.526,3.11,493.045,1412.657
Feb 29 2016  2:41PM,11.865,159.542,5.78,922.142,2448.558,156.706,5.701,893.397,2411.383,158.939,2.574,409.179,1412.663
Feb 29 2016  2:42PM,11.864,159.527,6.272,1000.521,2448.573,157.001,6.141,964.067,2411.398,158.588,2.415,382.969,1412.67
Feb 29 2016  2:43PM,11.87,157.879,6.322,998.167,2448.591,156.631,6.142,962.022,2411.413,158.655,2.44,387.12,1412.676
Feb 29 2016  2:44PM,11.869,159.164,5.847,930.635,2448.606,156.214,5.847,913.315,2411.43,159.624,2.746,438.37,1412.684
Feb 29 2016  2:45PM,11.874,155.616,5.99,932.078,2448.622,156.486,5.416,847.569,2411.444,159.264,3.436,547.253,1412.691
Feb 29 2016  2:46PM,11.866,159.101,6.733,1071.296,2448.636,156.26,6.591,1029.865,2411.458,159.963,3.508,561.175,1412.701
Feb 29 2016  2:47PM,11.868,159.37,6.726,1071.995,2448.658,156.21,6.635,1036.473,2411.479,158.851,5.254,834.628,1412.712
Feb 29 2016  2:48PM,11.869,159.488,6.62,1055.858,2448.674,156.277,6.548,1023.316,2411.495,159.01,4.646,738.718,1412.726
Feb 29 2016  2:49PM,11.868,159.406,6.561,1045.929,2448.691,156.087,6.473,1010.396,2411.511,160.116,5.495,879.858,1412.741
Feb 29 2016  2:50PM,11.87,159.953,6.449,1031.498,2448.71,158.066,6.312,997.644,2411.53,159.808,5.216,833.59,1412.752
Feb 29 2016  2:51PM,11.874,160.694,5.803,932.481,2448.726,157.429,5.724,901.136,2411.545,159.987,5.331,852.858,1412.769
Feb 29 2016  2:52PM,11.869,160.694,5.896,947.51,2448.741,155.941,5.977,932.104,2411.558,159.837,5.896,942.431,1412.785
Feb 29 2016  2:53PM,11.87,160.573,4.84,777.129,2448.755,159.166,4.668,743.05,2411.573,159.848,6.18,987.807,1412.8
Feb 29 2016  2:54PM,11.864,160.293,3.237,518.857,2448.766,159.783,3.101,495.448,2411.583,158.614,6.079,964.24,1412.815
Feb 29 2016  2:55PM,11.862,160.298,2.846,456.246,2448.773,157.072,2.791,438.41,2411.59,158.224,5.832,922.755,1412.832
Feb 29 2016  2:56PM,11.865,160.625,2.806,450.682,2448.78,157.535,2.725,429.293,2411.597,158.189,5.446,861.447,1412.845
Feb 29 2016  2:57PM,11.864,160.562,2.739,439.712,2448.789,158.503,2.662,422.004,2411.605,159.106,4.478,712.438,1412.861
Feb 29 2016  2:58PM,11.868,160.527,2.613,419.386,2448.795,158.495,2.539,402.402,2411.612,159.122,3.581,569.758,1412.87
Feb 29 2016  2:59PM,11.862,160.48,2.345,376.317,2448.802,158.491,2.267,359.238,2411.618,157.875,2.812,444.011,1412.88
Feb 29 2016  3:00PM,11.867,164.736,2.252,370.956,2448.81,158.485,2.224,352.539,2411.625,159.364,3.321,529.263,1412.886
Feb 29 2016  3:01PM,11.873,166.202,2.341,389.094,2448.814,158.521,2.311,366.353,2411.629,159.68,4.488,716.563,1412.898
Feb 29 2016  3:02PM,11.862,167.54,2.888,483.811,2448.823,159.558,2.895,461.881,2411.638,159.226,3.346,532.843,1412.909
Feb 29 2016  3:03PM,11.871,161.162,3.326,536.077,2448.841,161.678,3.326,537.817,2411.656,159.482,3.483,555.393,1412.919
Feb 29 2016  3:04PM,11.864,167.28,2.991,500.413,2448.85,160.111,3.013,482.427,2411.664,159.571,2.668,425.742,1412.928
Feb 29 2016  3:05PM,11.864,167.45,2.972,497.592,2448.858,160.081,2.998,479.919,2411.672,159.756,2.607,416.542,1412.934
Feb 29 2016  3:06PM,11.865,167.598,2.997,502.228,2448.865,160.105,3.022,483.814,2411.679,159.634,2.524,402.881,1412.942
Feb 29 2016  3:07PM,11.873,167.488,2.979,498.923,2448.875,160.092,3,480.263,2411.688,159.551,2.507,399.946,1412.948
Feb 29 2016  3:08PM,11.861,167.297,2.946,492.869,2448.883,159.996,2.933,469.338,2411.696,159.477,4.917,784.084,1412.96
Feb 29 2016  3:09PM,11.864,167.035,2.528,422.231,2448.891,160.031,2.544,407.176,2411.704,159.541,5.327,849.888,1412.975
Feb 29 2016  3:11PM,11.873,167.622,3.431,575.079,2448.898,167.472,3.344,559.97,2411.71,158.677,5.202,825.477,1412.987
Feb 29 2016  3:12PM,11.864,166.255,2.578,428.608,2448.906,163.381,2.554,417.293,2411.719,158.261,5.264,833.152,1413
Feb 29 2016  3:13PM,11.872,164.896,2.443,402.904,2448.913,159.396,2.454,391.201,2411.725,158.724,2.911,462.029,1413.014
Feb 29 2016  3:14PM,11.866,163.895,2.466,404.127,2448.92,163.085,2.437,397.438,2411.732,158,2.672,422.171,1413.022
Feb 29 2016  3:15PM,11.868,169.91,2.772,470.92,2448.927,163.572,2.744,448.775,2411.739,159.512,2.503,399.249,1413.029
Feb 29 2016  3:16PM,11.864,167.611,3.512,588.677,2448.936,163.646,3.402,556.674,2411.746,159.137,2.328,370.409,1413.036
Feb 29 2016  3:17PM,11.864,202.814,0.271,54.986,2448.945,190.998,1.004,191.785,2411.756,159.015,2.28,362.602,1413.041
Feb 29 2016  3:18PM,11.869,168.993,5.333,901.177,2448.957,165.253,5.258,868.95,2411.768,159.367,2.596,413.681,1413.048
Feb 29 2016  3:19PM,11.864,163.091,5.017,818.26,2448.974,161.557,5.083,821.149,2411.784,158.864,1.951,309.875,1413.053
Feb 29 2016  3:20PM,11.874,165.679,5.55,919.468,2448.989,159.849,5.528,883.677,2411.798,158.909,1.791,284.688,1413.058
Feb 29 2016  3:21PM,11.872,166.466,5.454,907.955,2449.002,159.764,5.351,854.815,2411.813,158.844,1.883,299.119,1413.063
Feb 29 2016  3:22PM,11.867,165.285,5.544,916.344,2449.02,159.729,5.487,876.438,2411.826,159.081,2.146,341.386,1413.068
Feb 29 2016  3:23PM,11.872,160.776,6.171,992.12,2449.034,159.702,6.035,963.847,2411.842,163.594,3.284,537.267,1413.075
Feb 29 2016  3:24PM,11.865,160.909,6.615,1064.404,2449.053,159.736,6.382,1019.39,2411.858,159.705,2.912,465.054,1413.083
Feb 29 2016  3:25PM,11.864,160.839,6.422,1032.958,2449.07,159.727,6.246,997.679,2411.875,157.134,2.703,424.759,1413.09
Feb 29 2016  3:26PM,11.865,160.806,6.158,990.261,2449.085,159.711,5.981,955.187,2411.891,160.523,2.798,449.13,1413.098
Feb 29 2016  3:27PM,11.867,160.789,5.633,905.663,2449.103,159.667,5.412,864.12,2411.908,163.731,2.959,484.439,1413.106
Feb 29 2016  3:28PM,11.865,165.215,4.709,777.975,2449.116,159.632,4.607,735.411,2411.921,162.935,2.818,459.186,1413.114
Feb 29 2016  3:29PM,11.868,164.49,3.618,595.174,2449.129,159.486,3.572,569.746,2411.931,163.485,2.872,469.547,1413.122
Feb 29 2016  3:30PM,11.864,160.691,2.959,475.518,2449.137,159.321,2.84,452.531,2411.94,162.804,4.44,722.827,1413.131
Feb 29 2016  3:31PM,11.867,164.296,3.498,574.698,2449.146,159.583,3.432,547.67,2411.949,159.422,4.772,760.7,1413.145
Feb 29 2016  3:32PM,11.866,165.1,4.558,752.524,2449.158,160.186,4.51,722.372,2411.96,159.367,4.577,729.378,1413.157
Feb 29 2016  3:33PM,11.87,164.867,3.168,522.336,2449.169,159.879,3.178,508.141,2411.971,159.338,4.068,648.133,1413.168
Feb 29 2016  3:34PM,11.861,161.329,3.91,630.814,2449.18,163.864,3.833,628.14,2411.982,159.26,3.44,547.875,1413.179
Feb 29 2016  3:35PM,11.866,164.951,2.759,455.108,2449.188,159.32,2.757,439.297,2411.99,159.231,3.043,484.6,1413.187
Feb 29 2016  3:36PM,11.866,164.872,2.686,442.89,2449.197,159.324,2.669,425.298,2411.998,159.191,2.855,454.496,1413.195
Feb 29 2016  3:37PM,11.864,164.91,2.607,429.991,2449.203,159.317,2.593,413.177,2412.004,159.082,2.573,409.359,1413.202
Feb 29 2016  3:38PM,11.872,165.019,2.563,422.864,2449.21,159.347,2.555,407.061,2412.011,159.116,2.472,393.278,1413.208
Feb 29 2016  3:39PM,11.874,166.717,4.981,830.439,2449.222,164.71,4.857,800.039,2412.022,159.135,2.768,440.546,1413.215
Feb 29 2016  3:40PM,11.871,167.271,5.411,905.147,2449.238,159.837,5.478,875.531,2412.038,159.091,2.502,398.009,1413.222
Feb 29 2016  3:41PM,11.862,161.481,5.572,899.761,2449.253,160.26,5.496,880.724,2412.052,159.084,2.544,404.702,1413.229
Feb 29 2016  3:42PM,11.864,165.483,5.422,897.305,2449.268,160.323,5.391,864.227,2412.067,159.021,2.176,346.085,1413.235
Feb 29 2016  3:43PM,11.873,160.716,2.938,472.108,2449.283,159.452,2.904,463.116,2412.08,159.094,2.747,437.095,1413.242
Feb 29 2016  3:44PM,11.87,160.457,2.779,445.839,2449.29,160.16,2.697,431.962,2412.087,159.069,2.541,404.264,1413.249
Feb 29 2016  3:45PM,11.872,160.421,2.596,416.464,2449.298,160.148,2.542,407.081,2412.094,159.01,2.287,363.728,1413.256
Feb 29 2016  3:46PM,11.864,160.538,2.43,390.025,2449.304,160.017,2.369,379.128,2412.101,158.898,2.434,386.744,1413.262
Feb 29 2016  3:47PM,11.864,163.573,2.311,377.998,2449.311,160.137,2.286,366.07,2412.106,159.017,2.257,358.944,1413.269
Feb 29 2016  3:48PM,11.87,165.159,2.465,407.159,2449.317,159.508,2.513,400.879,2412.113,160.281,2.434,390.088,1413.275
Feb 29 2016  3:49PM,11.864,164.464,1.961,322.565,2449.323,160.073,1.967,314.797,2412.118,163.909,3.272,536.369,1413.283
Feb 29 2016  3:50PM,11.872,164.177,1.847,303.288,2449.328,159.956,1.829,292.542,2412.124,159.923,3.732,596.864,1413.292
Feb 29 2016  3:51PM,11.862,165.2,1.94,320.435,2449.333,160.053,1.952,312.493,2412.129,158.624,3.365,533.737,1413.302
Feb 29 2016  3:52PM,11.87,167.993,2.17,364.538,2449.339,160.093,2.186,349.97,2412.135,161.514,2.848,459.992,1413.31
Feb 29 2016  3:53PM,11.864,166.215,3.357,557.962,2449.346,160.344,3.391,543.726,2412.141,158.964,3.078,489.326,1413.318
Feb 29 2016  3:54PM,11.864,167.85,3.049,511.832,2449.355,164.081,2.961,485.789,2412.15,158.631,3.701,587.079,1413.327
Feb 29 2016  3:55PM,11.873,167.313,2.505,419.081,2449.362,163.268,2.491,406.67,2412.157,158.562,3.422,542.635,1413.337
Feb 29 2016  3:56PM,11.862,167.999,2.783,467.454,2449.371,164.641,2.757,453.847,2412.166,158.603,3.518,557.92,1413.346
Feb 29 2016  3:57PM,11.87,167.517,3.043,509.769,2449.379,164.875,2.991,493.164,2412.173,158.323,3.327,526.798,1413.354
Feb 29 2016  3:58PM,11.868,169.382,2.918,494.295,2449.387,164.637,2.977,490.163,2412.181,158.38,3.53,559.157,1413.363
Feb 29 2016  3:59PM,11.865,167.393,2.967,496.716,2449.396,164.273,2.922,480.083,2412.189,158.404,3.409,539.966,1413.372
Feb 29 2016  4:00PM,11.86,169.27,4.578,774.961,2449.406,164.599,4.559,750.437,2412.2,158.401,3.517,557.039,1413.382
Feb 29 2016  4:01PM,11.872,168.593,4.83,814.235,2449.419,164.922,4.752,783.646,2412.212,158.211,3.13,495.253,1413.391
Feb 29 2016  4:02PM,11.862,168.495,4.69,790.251,2449.433,164.171,4.594,754.119,2412.225,157.903,2.216,349.837,1413.396
Feb 29 2016  4:03PM,11.866,167.161,4.066,679.65,2449.446,163.904,4.123,675.781,2412.236,159.431,2.157,343.952,1413.403
Feb 29 2016  4:04PM,11.865,166.704,3.607,601.331,2449.456,160.209,3.578,573.145,2412.247,159.34,2.32,369.659,1413.408
Feb 29 2016  4:05PM,11.864,164.047,3.129,513.264,2449.466,160.112,3.129,500.949,2412.256,159.56,2.257,360.084,1413.415
Feb 29 2016  4:06PM,11.867,166.346,3.024,503.101,2449.474,160.091,2.969,475.346,2412.264,159.81,2.708,432.73,1413.421
Feb 29 2016  4:07PM,11.865,165.393,2.661,440.081,2449.482,160.077,2.589,414.429,2412.271,159.563,3.204,511.161,1413.429
Feb 29 2016  4:08PM,11.87,165.332,2.423,400.673,2449.489,160.071,2.441,390.665,2412.279,154.621,2.578,398.662,1413.436
Feb 29 2016  4:09PM,11.865,166.783,2.758,459.924,2449.495,160.249,2.814,450.875,2412.284,159.965,2.79,446.366,1413.442
Feb 29 2016  4:10PM,11.865,166.237,2.542,422.502,2449.503,160.047,2.583,413.389,2412.292,159.313,2.964,472.129,1413.45
Feb 29 2016  4:11PM,11.87,166.485,2.562,426.473,2449.51,160.048,2.568,410.929,2412.299,161.665,3.195,516.476,1413.458
Feb 29 2016  4:12PM,11.865,165.219,2.229,368.316,2449.517,160.018,2.218,354.939,2412.305,159.36,3.177,506.354,1413.466
Feb 29 2016  4:13PM,11.86,167.165,2.634,440.368,2449.523,160.107,2.659,425.768,2412.312,159.401,3.204,510.784,1413.474
Feb 29 2016  4:14PM,11.87,164.95,2.549,420.539,2449.532,162.815,2.547,414.753,2412.32,159.73,3.114,497.414,1413.483
Feb 29 2016  4:15PM,11.872,166.679,2.347,391.148,2449.538,159.951,2.305,368.699,2412.326,159.374,2.879,458.803,1413.491
Feb 29 2016  4:16PM,11.871,166.478,2.605,433.718,2449.545,160.731,2.635,423.557,2412.333,159.515,2.492,397.476,1413.498
Feb 29 2016  4:17PM,11.868,165.701,2.3,381.129,2449.552,160.098,2.289,366.402,2412.34,161.175,2.586,416.829,1413.505
Feb 29 2016  4:18PM,11.868,166.442,2.498,415.74,2449.559,161.278,2.534,408.659,2412.346,161.995,2.757,446.667,1413.512
Feb 29 2016  4:19PM,11.872,168.153,3.369,566.59,2449.566,164.346,3.299,542.109,2412.354,161.926,2.616,423.558,1413.52
Feb 29 2016  4:20PM,11.863,166.045,3.877,643.724,2449.577,164.942,3.779,623.382,2412.364,159.755,2.57,410.64,1413.527
Feb 29 2016  4:21PM,11.874,167.246,3.533,590.916,2449.587,164.083,3.465,568.6,2412.373,159.677,2.188,349.347,1413.533
Feb 29 2016  4:22PM,11.875,167.929,2.993,502.552,2449.596,159.677,2.913,465.119,2412.381,159.453,1.667,265.781,1413.538
Feb 29 2016  4:23PM,11.87,167.647,3.246,544.198,2449.604,163.962,3.171,519.9,2412.39,159.49,1.546,246.644,1413.542
Feb 29 2016  4:24PM,11.869,167.241,3.723,622.607,2449.615,163.326,3.676,600.436,2412.399,159.381,1.313,209.333,1413.546
Feb 29 2016  4:25PM,11.865,166.868,3.387,565.224,2449.625,163.165,3.358,547.821,2412.409,158.957,1.165,185.12,1413.55
Feb 29 2016  4:26PM,11.861,166.495,3.531,587.877,2449.634,159.077,3.604,573.337,2412.418,159.222,1.175,187.141,1413.552
Feb 29 2016  4:27PM,11.87,164.603,3.417,562.444,2449.643,159.329,3.391,540.308,2412.427,159.236,1.392,221.683,1413.556
Feb 29 2016  4:28PM,11.868,164.448,3.552,584.166,2449.652,158.99,3.525,560.367,2412.436,159.151,1.467,233.473,1413.56
Feb 29 2016  4:29PM,11.874,165.078,3.506,578.724,2449.663,159.247,3.483,554.604,2412.446,160.406,1.844,295.786,1413.564
Feb 29 2016  4:30PM,11.865,164.461,3.586,589.7,2449.672,159.246,3.584,570.74,2412.455,163.687,1.871,306.258,1413.569
Feb 29 2016  4:31PM,11.871,164.324,2.829,464.868,2449.682,159.598,2.73,435.744,2412.464,163.661,1.616,264.536,1413.574
Feb 29 2016  4:32PM,11.866,160.138,2.288,366.434,2449.688,158.794,2.231,354.318,2412.47,159.293,1.516,241.471,1413.578
Feb 29 2016  4:33PM,11.871,160.186,2.25,360.44,2449.695,159.173,2.196,349.61,2412.476,158.023,1.358,214.55,1413.582
Feb 29 2016  4:34PM,11.87,164.335,2.309,379.5,2449.701,159.255,2.266,360.85,2412.482,159.245,1.123,178.857,1413.585
Feb 29 2016  4:35PM,11.866,164.981,2.302,379.841,2449.707,159.113,2.31,367.581,2412.489,158.782,1.057,167.81,1413.588
Feb 29 2016  4:36PM,11.861,164.521,2.801,460.853,2449.714,159.335,2.805,446.903,2412.495,156.007,1.011,157.73,1413.591
Feb 29 2016  4:37PM,11.861,168.36,3.228,543.515,2449.722,163.827,3.189,522.394,2412.503,158.221,0.952,150.713,1413.593
Feb 29 2016  4:38PM,11.865,167.794,2.666,447.27,2449.73,158.579,2.723,431.788,2412.511,158.199,0.961,152.026,1413.596
Feb 29 2016  4:39PM,11.871,167.373,2.559,428.22,2449.736,162.671,2.666,433.658,2412.517,158.311,0.939,148.667,1413.598
Feb 29 2016  4:40PM,11.865,168.09,2.99,502.656,2449.745,163.945,2.972,487.215,2412.524,158.098,0.92,145.503,1413.601
Feb 29 2016  4:41PM,11.869,169.154,3.173,536.682,2449.753,165.379,3.126,517.059,2412.532,157.854,0.908,143.249,1413.603
Feb 29 2016  4:42PM,11.868,169.497,3.231,547.687,2449.761,164.54,3.166,521.006,2412.541,157.864,0.941,148.483,1413.605
Feb 29 2016  4:43PM,11.861,169.057,3.264,551.89,2449.771,162.969,3.23,526.405,2412.55,162.518,1.094,177.75,1413.608
Feb 29 2016  4:44PM,11.867,168.566,3.19,537.639,2449.78,165.637,3.13,518.469,2412.558,163.112,1.519,247.757,1413.612
Feb 29 2016  4:45PM,11.868,165.503,2.944,487.285,2449.789,163.625,2.886,472.241,2412.567,165.341,1.56,257.867,1413.616
Feb 29 2016  4:46PM,11.866,166.894,2.484,414.524,2449.796,160.038,2.487,398.01,2412.574,164.201,1.396,229.294,1413.62
Feb 29 2016  4:47PM,11.867,165.802,2.79,462.524,2449.803,163.51,2.709,442.998,2412.582,162.651,1.144,186.004,1413.623
Feb 29 2016  4:48PM,11.87,168.398,2.837,477.706,2449.811,163.769,2.805,459.417,2412.589,160.429,1.125,180.52,1413.626
Feb 29 2016  4:49PM,11.865,168.495,2.616,440.859,2449.819,163.777,2.588,423.88,2412.596,161.531,1.004,162.178,1413.629
Feb 29 2016  4:50PM,11.868,167.84,2.603,436.826,2449.826,163.442,2.585,422.501,2412.603,157.948,0.948,149.78,1413.632
Feb 29 2016  4:51PM,11.863,166.337,2.15,357.631,2449.834,160.097,2.256,361.13,2412.61,157.29,0.914,143.734,1413.634
Feb 29 2016  4:52PM,11.868,164.281,1.701,279.376,2449.839,159.018,1.707,271.485,2412.615,157.242,0.926,145.539,1413.636
Feb 29 2016  4:53PM,11.868,166.225,1.573,261.405,2449.844,158.818,1.578,250.55,2412.619,160.183,1.022,163.691,1413.639
Feb 29 2016  4:54PM,11.866,161.195,1.354,218.233,2449.847,161.271,1.336,215.474,2412.623,163.408,1.135,185.387,1413.642
Feb 29 2016  4:55PM,11.859,160.586,1.204,193.265,2449.851,158.696,1.186,188.236,2412.626,163.418,1.212,198.027,1413.645
Feb 29 2016  4:56PM,11.858,163.814,1.223,200.294,2449.854,158.967,1.2,190.786,2412.63,159.096,1.229,195.517,1413.649
Feb 29 2016  4:57PM,11.86,166.823,1.342,223.823,2449.857,162.758,1.355,220.553,2412.633,162.09,1.186,192.154,1413.652
Feb 29 2016  4:58PM,11.869,166.176,1.497,248.77,2449.862,162.072,1.465,237.495,2412.637,165.383,1.188,196.51,1413.655
Feb 29 2016  4:59PM,11.86,167.962,1.825,306.525,2449.866,165.351,1.778,293.95,2412.642,159.179,1.12,178.223,1413.658
Feb 29 2016  5:00PM,11.858,168.161,1.926,323.925,2449.872,165.405,1.877,310.458,2412.647,159.411,1.057,168.539,1413.661
Feb 29 2016  5:01PM,11.863,164.973,1.656,273.119,2449.877,159.882,1.636,261.551,2412.652,159.311,0.993,158.149,1413.663
Feb 29 2016  5:02PM,11.863,167.339,1.46,244.321,2449.882,163.894,1.538,252.134,2412.656,159.33,0.972,154.818,1413.666
Feb 29 2016  5:03PM,11.863,164.265,1.348,221.45,2449.885,162.02,1.316,213.294,2412.66,163.029,1.177,191.928,1413.669
Feb 29 2016  5:04PM,11.866,161.083,1.173,188.904,2449.888,158.456,1.156,183.166,2412.663,162.686,1.192,193.864,1413.672
Feb 29 2016  5:05PM,11.858,162.033,1.088,176.296,2449.892,158.269,1.062,168.109,2412.666,162.251,1.315,213.325,1413.676
Feb 29 2016  5:06PM,11.861,163.458,1.048,171.323,2449.895,158.216,1.021,161.621,2412.668,164.239,1.449,237.966,1413.679
Feb 29 2016  5:07PM,11.863,163.396,0.989,161.55,2449.897,158.152,0.961,151.93,2412.671,165.66,1.428,236.599,1413.683
Feb 29 2016  5:08PM,11.857,160.918,0.997,160.494,2449.9,158.279,0.969,153.293,2412.674,159.581,1.397,222.913,1413.687
Feb 29 2016  5:09PM,11.861,162.689,0.975,158.631,2449.903,157.349,0.946,148.831,2412.676,162.282,1.264,205.087,1413.69
Feb 29 2016  5:10PM,11.865,163.282,0.955,155.887,2449.905,158.086,0.931,147.226,2412.678,162.786,1.104,179.665,1413.694
Feb 29 2016  5:11PM,11.863,160.548,0.941,151.008,2449.908,157.988,0.912,144.138,2412.68,162.867,1.13,184.111,1413.696
Feb 29 2016  5:12PM,11.859,158.888,0.967,153.639,2449.91,158.005,0.949,149.88,2412.683,195.743,0,0,1413.698
Feb 29 2016  5:13PM,11.869,166.523,1.111,184.961,2449.913,160.386,1.054,169.125,2412.686,195.837,0,0,1413.698
Feb 29 2016  5:14PM,11.869,166.204,1.556,258.672,2449.917,166.919,1.523,254.259,2412.689,195.3,0,0,1413.698
Feb 29 2016  5:15PM,11.868,170.221,1.645,280.041,2449.921,163.335,1.556,254.133,2412.694,195.338,0,0,1413.698
Feb 29 2016  5:16PM,11.871,168.639,1.401,236.349,2449.926,164.677,1.37,225.583,2412.698,194.184,0,0,1413.698
Feb 29 2016  5:17PM,11.865,165.252,1.191,196.825,2449.929,159.584,1.168,186.436,2412.701,193.171,0,0,1413.698
Feb 29 2016  5:18PM,11.865,166.266,1.141,189.742,2449.933,158.577,1.123,178.121,2412.705,193.85,0,0,1413.698
Feb 29 2016  5:19PM,11.862,160.974,1.04,167.395,2449.935,158.449,1.019,161.501,2412.707,194.028,0,0,1413.698
Feb 29 2016  5:20PM,11.865,159.261,0.975,155.357,2449.938,158.253,0.96,151.913,2412.71,194.012,0,0,1413.698
Feb 29 2016  5:21PM,11.869,162.293,0.941,152.743,2449.941,159.709,0.913,145.766,2412.712,193.106,0,0,1413.698
Feb 29 2016  5:22PM,11.858,163.414,0.948,154.962,2449.943,159.588,0.924,147.465,2412.715,191.596,0,0,1413.698
Feb 29 2016  5:23PM,11.859,166.674,1.061,176.86,2449.946,159.603,1.047,167.123,2412.718,189.788,0,0,1413.698
Feb 29 2016  5:24PM,11.858,167.008,1.171,195.656,2449.949,159.942,1.161,185.615,2412.72,188.698,0,0,1413.698
Feb 29 2016  5:25PM,11.858,164.688,1.26,207.563,2449.953,160.514,1.234,198.108,2412.723,189.222,0,0,1413.698
Feb 29 2016  5:26PM,11.866,165.417,1.264,209.114,2449.956,163.469,1.238,202.421,2412.727,188.627,0,0,1413.698
Feb 29 2016  5:27PM,11.868,165.317,1.231,203.45,2449.959,160.111,1.213,194.22,2412.73,188.943,0,0,1413.698
Feb 29 2016  5:28PM,11.858,166.816,1.237,206.316,2449.963,159.736,1.223,195.298,2412.733,189.393,0,0,1413.698
Feb 29 2016  5:29PM,11.866,165.949,1.14,189.129,2449.966,159.863,1.128,180.398,2412.737,189.026,0,0,1413.698
Feb 29 2016  5:30PM,11.868,164.839,1.084,178.639,2449.969,159.85,1.067,170.572,2412.74,188.708,0,0,1413.698
Feb 29 2016  5:31PM,11.859,163.195,1.013,165.295,2449.972,159.634,0.995,158.813,2412.742,187.768,0,0,1413.698
Feb 29 2016  5:32PM,11.874,163.665,0.997,163.175,2449.975,159.672,0.975,155.606,2412.745,186.635,0,0,1413.698
Feb 29 2016  5:33PM,11.868,161.485,1.178,190.203,2449.978,166.029,1.149,190.701,2412.748,185.663,0,0,1413.698
Feb 29 2016  5:34PM,11.871,165.84,1.234,204.689,2449.981,164.63,1.215,199.998,2412.751,184.793,0,0,1413.698
Feb 29 2016  5:35PM,11.867,167.041,1.332,222.577,2449.985,164.854,1.295,213.505,2412.754,184.053,0,0,1413.698
Feb 29 2016  5:36PM,11.867,167.796,1.451,243.547,2449.988,164.04,1.427,234.07,2412.758,183.602,0,0,1413.698
Feb 29 2016  5:37PM,11.861,168.057,1.468,246.689,2449.992,161.334,1.442,232.632,2412.762,183.123,0,0,1413.698
Feb 29 2016  5:38PM,11.869,170.118,1.422,241.883,2449.997,164.407,1.439,236.583,2412.765,182.826,0,0,1413.698
Feb 29 2016  5:39PM,11.857,166.773,1.28,213.404,2450.001,160.821,1.267,203.694,2412.769,182.274,0,0,1413.698
Feb 29 2016  5:40PM,11.862,163.382,1.132,185.014,2450.004,159.443,1.125,179.424,2412.772,181.96,0,0,1413.698
Feb 29 2016  5:41PM,11.861,167.026,1.171,195.657,2450.007,164.331,1.158,190.314,2412.775,181.652,0,0,1413.698
Feb 29 2016  5:42PM,11.865,198.414,0.056,11.07,2450.008,195.489,0,0,2412.777,181.4,0,0,1413.698
Feb 29 2016  5:43PM,11.856,198.448,0.056,11.154,2450.008,195.566,0,0,2412.777,181.929,0,0,1413.698
Feb 29 2016  5:44PM,11.868,198.188,0.056,11.177,2450.009,195.385,0,0,2412.777,181.996,0,0,1413.698
Feb 29 2016  5:45PM,11.857,198.061,0.056,11.178,2450.009,195.315,0,0,2412.777,182.093,0,0,1413.698
Feb 29 2016  5:46PM,11.859,196.985,0.056,11.138,2450.009,194.283,0,0,2412.777,182.152,0,0,1413.698
Feb 29 2016  5:47PM,11.861,195.865,0.057,11.087,2450.009,193.235,0,0,2412.777,182.281,0,0,1413.698
Feb 29 2016  5:48PM,11.862,196.419,0.057,11.108,2450.009,193.553,0,0,2412.777,181.973,0,0,1413.698
Feb 29 2016  5:49PM,11.858,196.798,0.056,11.123,2450.01,193.926,0,0,2412.777,180.742,0,0,1413.698
Feb 29 2016  5:50PM,11.862,196.774,0.056,11.12,2450.01,193.985,0,0,2412.777,179.36,0,0,1413.698
Feb 29 2016  5:51PM,11.866,195.982,0.057,11.115,2450.01,193.12,0,0,2412.777,178.157,0,0,1413.698
Feb 29 2016  5:52PM,11.866,194.101,0.057,11.048,2450.01,191.383,0,0,2412.777,177.287,0,0,1413.698
Feb 29 2016  5:53PM,11.856,192.407,0.057,10.982,2450.01,189.661,0,0,2412.777,176.363,0,0,1413.698
Feb 29 2016  5:54PM,11.863,190.905,0.057,10.866,2450.01,188.511,0,0,2412.777,175.671,0,0,1413.698
Feb 29 2016  5:55PM,11.867,191.541,0.057,10.93,2450.011,189.14,0,0,2412.777,174.844,0,0,1413.698
Feb 29 2016  5:56PM,11.866,190.791,0.058,10.964,2450.011,188.482,0,0,2412.777,174.081,0,0,1413.698
Feb 29 2016  5:57PM,11.862,191.348,0.057,10.98,2450.011,188.676,0,0,2412.777,173.315,0,0,1413.698
Feb 29 2016  5:58PM,11.866,191.79,0.057,10.942,2450.011,189.432,0,0,2412.777,172.909,0,0,1413.698
Feb 29 2016  5:59PM,11.866,191.498,0.057,10.953,2450.011,188.944,0,0,2412.777,172.172,0,0,1413.698
Feb 29 2016  6:00PM,11.862,190.987,0.057,10.943,2450.011,188.521,0,0,2412.777,171.385,0,0,1413.698
Feb 29 2016  6:01PM,11.858,190.094,0.057,10.84,2450.012,187.621,0,0,2412.777,170.489,0,0,1413.698
Feb 29 2016  6:02PM,11.86,188.731,0.057,10.812,2450.012,186.558,0,0,2412.777,169.29,0,0,1413.698
Feb 29 2016  6:03PM,11.856,187.524,0.058,10.8,2450.012,185.447,0,0,2412.777,168.254,0,0,1413.698
Feb 29 2016  6:04PM,11.864,186.545,0.058,10.78,2450.012,184.592,0,0,2412.777,167.169,0,0,1413.698
Feb 29 2016  6:05PM,11.867,185.595,0.058,10.724,2450.013,183.709,0,0,2412.777,165.882,0,0,1413.698
Feb 29 2016  6:06PM,11.864,185.17,0.058,10.688,2450.013,183.48,0,0,2412.777,164.559,0,0,1413.698
Feb 29 2016  6:07PM,11.859,184.552,0.058,10.703,2450.013,182.796,0,0,2412.777,162.751,0,0,1413.698
Feb 29 2016  6:08PM,11.854,184.168,0.058,10.652,2450.013,182.597,0,0,2412.777,160.474,0,0,1413.698
Feb 29 2016  6:09PM,11.864,183.552,0.058,10.607,2450.013,182.146,0,0,2412.777,156.531,0,0,1413.698
Feb 29 2016  6:10PM,11.862,183.107,0.058,10.611,2450.014,181.667,0,0,2412.777,150.924,0,0,1413.698
Feb 29 2016  6:11PM,11.868,182.577,0.058,10.655,2450.014,181.519,0,0,2412.777,138.453,0,0,1413.698
Feb 29 2016  6:12PM,11.859,182.464,0.058,10.602,2450.014,181.271,0,0,2412.777,111.198,0,0,1413.698
Feb 29 2016  6:13PM,11.865,182.568,0.058,10.572,2450.014,181.628,0,0,2412.777,109.549,0,0,1413.698
Feb 29 2016  6:14PM,11.863,182.606,0.058,10.583,2450.014,181.674,0,0,2412.777,41.587,0,0,1413.698
Feb 29 2016  6:15PM,11.862,182.886,0.058,10.562,2450.014,181.764,0,0,2412.777,104.059,0,0,1413.698
Feb 29 2016  6:16PM,11.865,183.359,0.058,10.618,2450.015,181.879,0,0,2412.777,106.879,0,0,1413.698
Feb 29 2016  6:17PM,11.857,183.495,0.058,10.631,2450.015,182.085,0,0,2412.777,101.619,0,0,1413.698
Feb 29 2016  6:18PM,11.863,182.765,0.058,10.573,2450.015,181.641,0,0,2412.777,52.722,0,0,1413.698
Feb 29 2016  6:19PM,11.857,181.59,0.058,10.563,2450.015,180.617,0,0,2412.777,83.88,0,0,1413.698
Feb 29 2016  6:20PM,11.864,179.761,0.057,10.281,2450.015,178.981,0,0,2412.777,40.975,0,0,1413.698
Feb 29 2016  6:21PM,11.859,178.624,0.055,9.758,2450.016,177.837,0,0,2412.777,70.732,0,0,1413.698
Feb 29 2016  6:22PM,11.862,177.576,0.052,9.197,2450.016,176.788,0,0,2412.777,88.222,0,0,1413.698
Feb 29 2016  6:23PM,11.856,176.624,0.05,8.87,2450.016,175.851,0,0,2412.777,96.016,0,0,1413.698
Feb 29 2016  6:24PM,11.863,175.622,0,0,2450.016,174.954,0,0,2412.777,89.691,0,0,1413.698
Feb 29 2016  6:25PM,11.853,174.689,0,0,2450.016,173.968,0,0,2412.777,97.33,0,0,1413.698
Feb 29 2016  6:26PM,11.856,173.714,0,0,2450.016,173.162,0,0,2412.777,92.252,0,0,1413.698
Feb 29 2016  6:27PM,11.864,173.053,0,0,2450.016,172.532,0,0,2412.777,85.323,0,0,1413.698
Feb 29 2016  6:28PM,11.863,172.459,0,0,2450.016,171.794,0,0,2412.777,76.966,0,0,1413.698
Feb 29 2016  6:29PM,11.86,171.697,0,0,2450.016,170.983,0,0,2412.777,69.394,0,0,1413.698
Feb 29 2016  6:30PM,11.864,170.811,0,0,2450.016,170.189,0,0,2412.777,61.421,0,0,1413.698
Feb 29 2016  6:31PM,11.859,169.694,0,0,2450.016,168.96,0,0,2412.777,52.719,0,0,1413.698
Feb 29 2016  6:32PM,11.867,168.54,0,0,2450.016,167.858,0,0,2412.777,44.939,0,0,1413.698
Feb 29 2016  6:33PM,11.857,167.253,0,0,2450.016,166.684,0,0,2412.777,38.108,0,0,1413.698
Feb 29 2016  6:34PM,11.864,165.74,0,0,2450.016,165.036,0,0,2412.777,30.738,0,0,1413.698
Feb 29 2016  6:35PM,11.862,164.408,0,0,2450.016,163.826,0,0,2412.777,25.118,0,0,1413.698
Feb 29 2016  6:36PM,11.862,162.741,0,0,2450.016,162.058,0,0,2412.777,19.728,0,0,1413.698
Feb 29 2016  6:37PM,11.864,160.824,0,0,2450.016,160.134,0,0,2412.777,15.919,0,0,1413.698
Feb 29 2016  6:38PM,11.861,157.583,0,0,2450.016,157.428,0,0,2412.777,12.254,0,0,1413.698
Feb 29 2016  6:39PM,11.855,153.274,0,0,2450.016,152.619,0,0,2412.777,9.577,0,0,1413.698
Feb 29 2016  6:40PM,11.862,144.869,0,0,2450.016,145.366,0,0,2412.777,7.089,0,0,1413.698
Feb 29 2016  6:41PM,11.856,130.965,0,0,2450.016,129.342,0,0,2412.777,5.459,0,0,1413.698
Feb 29 2016  6:42PM,11.852,117.029,0,0,2450.016,111.588,0,0,2412.777,4.089,0,0,1413.698
Feb 29 2016  6:43PM,11.854,68.035,0,0,2450.016,49.8,0,0,2412.777,2.979,0,0,1413.698
Feb 29 2016  6:44PM,11.856,107.724,0,0,2450.016,108.112,0,0,2412.777,2.192,0,0,1413.698
Feb 29 2016  6:45PM,11.863,43.004,0,0,2450.016,47.995,0,0,2412.777,1.597,0,0,1413.698
Feb 29 2016  6:46PM,11.855,64.225,0,0,2450.016,74.845,0,0,2412.777,0,0,0,1413.698
Feb 29 2016  6:47PM,11.854,52.951,0,0,2450.016,64.993,0,0,2412.777,0,0,0,1413.698
Feb 29 2016  6:48PM,11.861,102.772,0,0,2450.016,79.774,0,0,2412.777,0,0,0,1413.698
Feb 29 2016  6:49PM,11.862,101.204,0,0,2450.016,85.515,0,0,2412.777,0,0,0,1413.698
Feb 29 2016  6:50PM,11.863,81.504,0,0,2450.016,89.501,0,0,2412.777,0,0,0,1413.698
Feb 29 2016  6:51PM,11.854,63.839,0,0,2450.016,67.457,0,0,2412.777,0,0,0,1413.698
Feb 29 2016  6:52PM,11.864,96.799,0,0,2450.016,96.206,0,0,2412.777,0,0,0,1413.698
Feb 29 2016  6:53PM,11.855,49.241,0,0,2450.016,53.499,0,0,2412.777,0,0,0,1413.698
Feb 29 2016  6:54PM,11.863,94.088,0,0,2450.016,93.708,0,0,2412.777,0,0,0,1413.698
Feb 29 2016  6:55PM,11.853,91.048,0,0,2450.016,92.626,0,0,2412.777,0,0,0,1413.698
Feb 29 2016  6:56PM,11.855,85.015,0,0,2450.016,86.407,0,0,2412.777,0,0,0,1413.698
Feb 29 2016  6:57PM,11.854,77.54,0,0,2450.016,78.793,0,0,2412.777,0,0,0,1413.698
Feb 29 2016  6:58PM,11.861,70.728,0,0,2450.016,71.784,0,0,2412.777,0,0,0,1413.698
Feb 29 2016  6:59PM,11.852,62.693,0,0,2450.016,64.624,0,0,2412.777,0,0,0,1413.698
Feb 29 2016  7:00PM,11.862,55.194,0,0,2450.016,56.139,0,0,2412.777,0,0,0,1413.698
Feb 29 2016  7:01PM,11.857,47.897,0,0,2450.016,49.088,0,0,2412.777,0,0,0,1413.698
Feb 29 2016  7:02PM,11.861,40.486,0,0,2450.016,41.911,0,0,2412.777,0,0,0,1413.698
Feb 29 2016  7:03PM,11.863,32.923,0,0,2450.016,34.682,0,0,2412.777,0,0,0,1413.698
Feb 29 2016  7:04PM,11.861,26.647,0,0,2450.016,29.029,0,0,2412.777,0,0,0,1413.698
Feb 29 2016  7:05PM,11.86,20.546,0,0,2450.016,23.236,0,0,2412.777,0,0,0,1413.698
Feb 29 2016  7:06PM,11.863,16.212,0,0,2450.016,18.914,0,0,2412.777,0,0,0,1413.698
Feb 29 2016  7:07PM,11.86,12.351,0,0,2450.016,14.757,0,0,2412.777,0,0,0,1413.698
Feb 29 2016  7:08PM,11.851,9.665,0,0,2450.016,11.612,0,0,2412.777,0,0,0,1413.698
Feb 29 2016  7:09PM,11.865,7.304,0,0,2450.016,8.668,0,0,2412.777,0,0,0,1413.698
Feb 29 2016  7:10PM,11.859,5.596,0,0,2450.016,6.629,0,0,2412.777,0,0,0,1413.698
Feb 29 2016  7:11PM,11.859,4.372,0,0,2450.016,5.014,0,0,2412.777,0,0,0,1413.698
Feb 29 2016  7:12PM,11.86,3.251,0,0,2450.016,3.616,0,0,2412.777,0,0,0,1413.698
Feb 29 2016  7:13PM,11.859,2.457,0,0,2450.016,2.711,0,0,2412.777,0,0,0,1413.698
Feb 29 2016  7:14PM,11.853,1.821,0,0,2450.016,1.897,0,0,2412.777,0,0,0,1413.698
Feb 29 2016  7:15PM,11.863,0,0,0,2450.016,0,0,0,2412.777,0,0,0,1413.698
Feb 29 2016  7:16PM,11.851,0,0,0,2450.016,0,0,0,2412.777,0,0,0,1413.698
Feb 29 2016  7:17PM,11.852,0,0,0,2450.016,0,0,0,2412.777,0,0,0,1413.698
Feb 29 2016  7:18PM,11.863,0,0,0,2450.016,0,0,0,2412.777,0,0,0,1413.698
Feb 29 2016  7:19PM,11.851,0,0,0,2450.016,0,0,0,2412.777,0,0,0,1413.698
Feb 29 2016  7:20PM,11.863,0,0,0,2450.016,0,0,0,2412.777,0,0,0,1413.698
Feb 29 2016  7:21PM,11.852,0,0,0,2450.016,0,0,0,2412.777,0,0,0,1413.698
Feb 29 2016  7:22PM,11.867,0,0,0,2450.016,0,0,0,2412.777,0,0,0,1413.698
Feb 29 2016  7:23PM,11.858,0,0,0,2450.016,0,0,0,2412.777,0,0,0,1413.698
Feb 29 2016  7:24PM,11.86,0,0,0,2450.016,0,0,0,2412.777,0,0,0,1413.698
Feb 29 2016  7:25PM,11.856,0,0,0,2450.016,0,0,0,2412.777,0,0,0,1413.698
Feb 29 2016  7:26PM,11.855,0,0,0,2450.016,0,0,0,2412.777,0,0,0,1413.698
Feb 29 2016  7:27PM,11.855,0,0,0,2450.016,0,0,0,2412.777,0,0,0,1413.698
Feb 29 2016  7:28PM,11.852,0,0,0,2450.016,0,0,0,2412.777,0,0,0,1413.698
Feb 29 2016  7:29PM,11.858,0,0,0,2450.016,0,0,0,2412.777,0,0,0,1413.698
Feb 29 2016  7:30PM,11.853,0,0,0,2450.016,0,0,0,2412.777,0,0,0,1413.698
Feb 29 2016  7:31PM,11.854,0,0,0,2450.016,0,0,0,2412.777,0,0,0,1413.698
Feb 29 2016  7:32PM,11.851,0,0,0,2450.016,0,0,0,2412.777,0,0,0,1413.698
Feb 29 2016  7:33PM,11.858,0,0,0,2450.016,0,0,0,2412.777,0,0,0,1413.698
Feb 29 2016  7:34PM,11.854,0,0,0,2450.016,0,0,0,2412.777,0,0,0,1413.698
Feb 29 2016  7:35PM,11.863,0,0,0,2450.016,0,0,0,2412.777,0,0,0,1413.698
Feb 29 2016  7:36PM,11.861,0,0,0,2450.016,0,0,0,2412.777,0,0,0,1413.698
Feb 29 2016  7:37PM,11.853,0,0,0,2450.016,0,0,0,2412.777,0,0,0,1413.698
Feb 29 2016  7:38PM,11.856,0,0,0,2450.016,0,0,0,2412.777,0,0,0,1413.698
Feb 29 2016  7:39PM,11.862,0,0,0,2450.016,0,0,0,2412.777,0,0,0,1413.698
Feb 29 2016  7:40PM,11.857,0,0,0,2450.016,0,0,0,2412.777,0,0,0,1413.698
Feb 29 2016  7:41PM,11.85,0,0,0,2450.016,0,0,0,2412.777,0,0,0,1413.698
Feb 29 2016  7:42PM,11.857,0,0,0,2450.016,0,0,0,2412.777,0,0,0,1413.698
Feb 29 2016  7:43PM,11.854,0,0,0,2450.016,0,0,0,2412.777,0,0,0,1413.698
Feb 29 2016  7:44PM,11.857,0,0,0,2450.016,0,0,0,2412.777,0,0,0,1413.698
Feb 29 2016  7:45PM,11.861,0,0,0,2450.016,0,0,0,2412.777,0,0,0,1413.698
Feb 29 2016  7:46PM,11.857,0,0,0,2450.016,0,0,0,2412.777,0,0,0,1413.698
Feb 29 2016  7:47PM,11.857,0,0,0,2450.016,0,0,0,2412.777,0,0,0,1413.698
Feb 29 2016  7:48PM,11.863,0,0,0,2450.016,0,0,0,2412.777,0,0,0,1413.698
Feb 29 2016  7:49PM,11.851,0,0,0,2450.016,0,0,0,2412.777,0,0,0,1413.698
Feb 29 2016  7:50PM,11.855,0,0,0,2450.016,0,0,0,2412.777,0,0,0,1413.698
Feb 29 2016  7:51PM,11.854,0,0,0,2450.016,0,0,0,2412.777,0,0,0,1413.698
Feb 29 2016  7:52PM,11.851,0,0,0,2450.016,0,0,0,2412.777,0,0,0,1413.698
Feb 29 2016  7:53PM,11.86,0,0,0,2450.016,0,0,0,2412.777,0,0,0,1413.698
Feb 29 2016  7:54PM,11.861,0,0,0,2450.016,0,0,0,2412.777,0,0,0,1413.698
Feb 29 2016  7:55PM,11.857,0,0,0,2450.016,0,0,0,2412.777,0,0,0,1413.698
Feb 29 2016  7:56PM,11.855,0,0,0,2450.016,0,0,0,2412.777,0,0,0,1413.698
Feb 29 2016  7:57PM,11.862,0,0,0,2450.016,0,0,0,2412.777,0,0,0,1413.698
Feb 29 2016  7:58PM,11.858,0,0,0,2450.016,0,0,0,2412.777,0,0,0,1413.698
Feb 29 2016  7:59PM,11.85,0,0,0,2450.016,0,0,0,2412.777,0,0,0,1413.698
Feb 29 2016  8:00PM,11.861,0,0,0,2450.016,0,0,0,2412.777,0,0,0,1413.698
Feb 29 2016  8:01PM,11.858,0,0,0,2450.016,0,0,0,2412.777,0,0,0,1413.698
Feb 29 2016  8:02PM,11.856,0,0,0,2450.016,0,0,0,2412.777,0,0,0,1413.698
Feb 29 2016  8:03PM,11.858,0,0,0,2450.016,0,0,0,2412.777,0,0,0,1413.698
Feb 29 2016  8:04PM,11.861,0,0,0,2450.016,0,0,0,2412.777,0,0,0,1413.698
Feb 29 2016  8:05PM,11.852,0,0,0,2450.016,0,0,0,2412.777,0,0,0,1413.698
Feb 29 2016  8:06PM,11.857,0,0,0,2450.016,0,0,0,2412.777,0,0,0,1413.698
Feb 29 2016  8:07PM,11.859,0,0,0,2450.016,0,0,0,2412.777,0,0,0,1413.698
Feb 29 2016  8:08PM,11.857,0,0,0,2450.016,0,0,0,2412.777,0,0,0,1413.698
Feb 29 2016  8:09PM,11.859,0,0,0,2450.016,0,0,0,2412.777,0,0,0,1413.698
Feb 29 2016  8:10PM,11.854,0,0,0,2450.016,0,0,0,2412.777,0,0,0,1413.698
Feb 29 2016  8:11PM,11.86,0,0,0,2450.016,0,0,0,2412.777,0,0,0,1413.698
Feb 29 2016  8:12PM,11.851,0,0,0,2450.016,0,0,0,2412.777,0,0,0,1413.698
Feb 29 2016  8:13PM,11.852,0,0,0,2450.016,0,0,0,2412.777,0,0,0,1413.698
Feb 29 2016  8:14PM,11.855,0,0,0,2450.016,0,0,0,2412.777,0,0,0,1413.698
Feb 29 2016  8:15PM,11.86,0,0,0,2450.016,0,0,0,2412.777,0,0,0,1413.698
Feb 29 2016  8:16PM,11.86,0,0,0,2450.016,0,0,0,2412.777,0,0,0,1413.698
Feb 29 2016  8:17PM,11.854,0,0,0,2450.016,0,0,0,2412.777,0,0,0,1413.698
Feb 29 2016  8:18PM,11.863,0,0,0,2450.016,0,0,0,2412.777,0,0,0,1413.698
Feb 29 2016  8:19PM,11.86,0,0,0,2450.016,0,0,0,2412.777,0,0,0,1413.698
Feb 29 2016  8:20PM,11.856,0,0,0,2450.016,0,0,0,2412.777,0,0,0,1413.698
Feb 29 2016  8:21PM,11.86,0,0,0,2450.016,0,0,0,2412.777,0,0,0,1413.698
Feb 29 2016  8:22PM,11.854,0,0,0,2450.016,0,0,0,2412.777,0,0,0,1413.698
Feb 29 2016  8:23PM,11.86,0,0,0,2450.016,0,0,0,2412.777,0,0,0,1413.698
Feb 29 2016  8:24PM,11.852,0,0,0,2450.016,0,0,0,2412.777,0,0,0,1413.698
Feb 29 2016  8:25PM,11.858,0,0,0,2450.016,0,0,0,2412.777,0,0,0,1413.698
Feb 29 2016  8:26PM,11.856,0,0,0,2450.016,0,0,0,2412.777,0,0,0,1413.698
Feb 29 2016  8:27PM,11.858,0,0,0,2450.016,0,0,0,2412.777,0,0,0,1413.698
Feb 29 2016  8:28PM,11.855,0,0,0,2450.016,0,0,0,2412.777,0,0,0,1413.698
Feb 29 2016  8:29PM,11.862,0,0,0,2450.016,0,0,0,2412.777,0,0,0,1413.698
Feb 29 2016  8:30PM,11.85,0,0,0,2450.016,0,0,0,2412.777,0,0,0,1413.698
Feb 29 2016  8:31PM,11.858,0,0,0,2450.016,0,0,0,2412.777,0,0,0,1413.698
Feb 29 2016  8:32PM,11.855,0,0,0,2450.016,0,0,0,2412.777,0,0,0,1413.698
Feb 29 2016  8:33PM,11.86,0,0,0,2450.016,0,0,0,2412.777,0,0,0,1413.698
Feb 29 2016  8:34PM,11.858,0,0,0,2450.016,0,0,0,2412.777,0,0,0,1413.698
Feb 29 2016  8:35PM,11.862,0,0,0,2450.016,0,0,0,2412.777,0,0,0,1413.698
Feb 29 2016  8:36PM,11.853,0,0,0,2450.016,0,0,0,2412.777,0,0,0,1413.698
Feb 29 2016  8:37PM,11.855,0,0,0,2450.016,0,0,0,2412.777,0,0,0,1413.698
Feb 29 2016  8:38PM,11.857,0,0,0,2450.016,0,0,0,2412.777,0,0,0,1413.698
Feb 29 2016  8:39PM,11.857,0,0,0,2450.016,0,0,0,2412.777,0,0,0,1413.698
Feb 29 2016  8:40PM,11.854,0,0,0,2450.016,0,0,0,2412.777,0,0,0,1413.698
Feb 29 2016  8:41PM,11.852,0,0,0,2450.016,0,0,0,2412.777,0,0,0,1413.698
Feb 29 2016  8:42PM,11.854,0,0,0,2450.016,0,0,0,2412.777,0,0,0,1413.698
Feb 29 2016  8:43PM,11.849,0,0,0,2450.016,0,0,0,2412.777,0,0,0,1413.698
Feb 29 2016  8:44PM,11.851,0,0,0,2450.016,0,0,0,2412.777,0,0,0,1413.698
Feb 29 2016  8:45PM,11.849,0,0,0,2450.016,0,0,0,2412.777,0,0,0,1413.698
Feb 29 2016  8:46PM,11.86,0,0,0,2450.016,0,0,0,2412.777,0,0,0,1413.698
Feb 29 2016  8:47PM,11.849,0,0,0,2450.016,0,0,0,2412.777,0,0,0,1413.698
Feb 29 2016  8:48PM,11.849,0,0,0,2450.016,0,0,0,2412.777,0,0,0,1413.698
Feb 29 2016  8:49PM,11.856,0,0,0,2450.016,0,0,0,2412.777,0,0,0,1413.698
Feb 29 2016  8:50PM,11.852,0,0,0,2450.016,0,0,0,2412.777,0,0,0,1413.698
Feb 29 2016  8:51PM,11.852,0,0,0,2450.016,0,0,0,2412.777,0,0,0,1413.698
Feb 29 2016  8:52PM,11.85,0,0,0,2450.016,0,0,0,2412.777,0,0,0,1413.698
Feb 29 2016  8:53PM,11.854,0,0,0,2450.016,0,0,0,2412.777,0,0,0,1413.698
Feb 29 2016  8:54PM,11.855,0,0,0,2450.016,0,0,0,2412.777,0,0,0,1413.698
Feb 29 2016  8:55PM,11.854,0,0,0,2450.016,0,0,0,2412.777,0,0,0,1413.698
Feb 29 2016  8:56PM,11.855,0,0,0,2450.016,0,0,0,2412.777,0,0,0,1413.698
Feb 29 2016  8:57PM,11.851,0,0,0,2450.016,0,0,0,2412.777,0,0,0,1413.698
Feb 29 2016  8:58PM,11.861,0,0,0,2450.016,0,0,0,2412.777,0,0,0,1413.698
Feb 29 2016  8:59PM,11.858,0,0,0,2450.016,0,0,0,2412.777,0,0,0,1413.698
Feb 29 2016  9:00PM,11.851,0,0,0,2450.016,0,0,0,2412.777,0,0,0,1413.698
Feb 29 2016  9:01PM,11.852,0,0,0,2450.016,0,0,0,2412.777,0,0,0,1413.698
Feb 29 2016  9:03PM,11.856,0,0,0,2450.016,0,0,0,2412.777,0,0,0,1413.698
Feb 29 2016  9:04PM,11.857,0,0,0,2450.016,0,0,0,2412.777,0,0,0,1413.698
Feb 29 2016  9:05PM,11.851,0,0,0,2450.016,0,0,0,2412.777,0,0,0,1413.698
Feb 29 2016  9:06PM,11.861,0,0,0,2450.016,0,0,0,2412.777,0,0,0,1413.698
Feb 29 2016  9:07PM,11.855,0,0,0,2450.016,0,0,0,2412.777,0,0,0,1413.698
Feb 29 2016  9:08PM,11.862,0,0,0,2450.016,0,0,0,2412.777,0,0,0,1413.698
Feb 29 2016  9:09PM,11.852,0,0,0,2450.016,0,0,0,2412.777,0,0,0,1413.698
Feb 29 2016  9:10PM,11.848,0,0,0,2450.016,0,0,0,2412.777,0,0,0,1413.698
Feb 29 2016  9:11PM,11.854,0,0,0,2450.016,0,0,0,2412.777,0,0,0,1413.698
Feb 29 2016  9:12PM,11.849,0,0,0,2450.016,0,0,0,2412.777,0,0,0,1413.698
Feb 29 2016  9:13PM,11.857,0,0,0,2450.016,0,0,0,2412.777,0,0,0,1413.698
Feb 29 2016  9:14PM,11.854,0,0,0,2450.016,0,0,0,2412.777,0,0,0,1413.698
Feb 29 2016  9:15PM,11.857,0,0,0,2450.016,0,0,0,2412.777,0,0,0,1413.698
Feb 29 2016  9:16PM,11.854,0,0,0,2450.016,0,0,0,2412.777,0,0,0,1413.698
Feb 29 2016  9:17PM,11.859,0,0,0,2450.016,0,0,0,2412.777,0,0,0,1413.698
Feb 29 2016  9:18PM,11.859,0,0,0,2450.016,0,0,0,2412.777,0,0,0,1413.698
Feb 29 2016  9:19PM,11.854,0,0,0,2450.016,0,0,0,2412.777,0,0,0,1413.698
Feb 29 2016  9:20PM,11.856,0,0,0,2450.016,0,0,0,2412.777,0,0,0,1413.698
Feb 29 2016  9:21PM,11.847,0,0,0,2450.016,0,0,0,2412.777,0,0,0,1413.698
Feb 29 2016  9:22PM,11.859,0,0,0,2450.016,0,0,0,2412.777,0,0,0,1413.698
Feb 29 2016  9:23PM,11.859,0,0,0,2450.016,0,0,0,2412.777,0,0,0,1413.698
Feb 29 2016  9:24PM,11.857,0,0,0,2450.016,0,0,0,2412.777,0,0,0,1413.698
Feb 29 2016  9:25PM,11.859,0,0,0,2450.016,0,0,0,2412.777,0,0,0,1413.698
Feb 29 2016  9:26PM,11.858,0,0,0,2450.016,0,0,0,2412.777,0,0,0,1413.698
Feb 29 2016  9:27PM,11.85,0,0,0,2450.016,0,0,0,2412.777,0,0,0,1413.698
Feb 29 2016  9:28PM,11.852,0,0,0,2450.016,0,0,0,2412.777,0,0,0,1413.698
Feb 29 2016  9:29PM,11.856,0,0,0,2450.016,0,0,0,2412.777,0,0,0,1413.698
Feb 29 2016  9:30PM,11.851,0,0,0,2450.016,0,0,0,2412.777,0,0,0,1413.698
Feb 29 2016  9:31PM,11.85,0,0,0,2450.016,0,0,0,2412.777,0,0,0,1413.698
Feb 29 2016  9:32PM,11.856,0,0,0,2450.016,0,0,0,2412.777,0,0,0,1413.698
Feb 29 2016  9:33PM,11.855,0,0,0,2450.016,0,0,0,2412.777,0,0,0,1413.698
Feb 29 2016  9:34PM,11.849,0,0,0,2450.016,0,0,0,2412.777,0,0,0,1413.698
Feb 29 2016  9:35PM,11.857,0,0,0,2450.016,0,0,0,2412.777,0,0,0,1413.698
Feb 29 2016  9:36PM,11.859,0,0,0,2450.016,0,0,0,2412.777,0,0,0,1413.698
Feb 29 2016  9:37PM,11.851,0,0,0,2450.016,0,0,0,2412.777,0,0,0,1413.698
Feb 29 2016  9:38PM,11.858,0,0,0,2450.016,0,0,0,2412.777,0,0,0,1413.698
Feb 29 2016  9:39PM,11.856,0,0,0,2450.016,0,0,0,2412.777,0,0,0,1413.698
Feb 29 2016  9:40PM,11.854,0,0,0,2450.016,0,0,0,2412.777,0,0,0,1413.698
Feb 29 2016  9:41PM,11.856,0,0,0,2450.016,0,0,0,2412.777,0,0,0,1413.698
Feb 29 2016  9:42PM,11.848,0,0,0,2450.016,0,0,0,2412.777,0,0,0,1413.698
Feb 29 2016  9:43PM,11.853,0,0,0,2450.016,0,0,0,2412.777,0,0,0,1413.698
Feb 29 2016  9:44PM,11.858,0,0,0,2450.016,0,0,0,2412.777,0,0,0,1413.698
Feb 29 2016  9:45PM,11.858,0,0,0,2450.016,0,0,0,2412.777,0,0,0,1413.698
Feb 29 2016  9:46PM,11.856,0,0,0,2450.016,0,0,0,2412.777,0,0,0,1413.698
Feb 29 2016  9:47PM,11.847,0,0,0,2450.016,0,0,0,2412.777,0,0,0,1413.698
Feb 29 2016  9:48PM,11.85,0,0,0,2450.016,0,0,0,2412.777,0,0,0,1413.698
Feb 29 2016  9:49PM,11.86,0,0,0,2450.016,0,0,0,2412.777,0,0,0,1413.698
Feb 29 2016  9:50PM,11.852,0,0,0,2450.016,0,0,0,2412.777,0,0,0,1413.698
Feb 29 2016  9:51PM,11.855,0,0,0,2450.016,0,0,0,2412.777,0,0,0,1413.698
Feb 29 2016  9:52PM,11.86,0,0,0,2450.016,0,0,0,2412.777,0,0,0,1413.698
Feb 29 2016  9:53PM,11.854,0,0,0,2450.016,0,0,0,2412.777,0,0,0,1413.698
Feb 29 2016  9:54PM,11.856,0,0,0,2450.016,0,0,0,2412.777,0,0,0,1413.698
Feb 29 2016  9:55PM,11.852,0,0,0,2450.016,0,0,0,2412.777,0,0,0,1413.698
Feb 29 2016  9:56PM,11.857,0,0,0,2450.016,0,0,0,2412.777,0,0,0,1413.698
Feb 29 2016  9:57PM,11.852,0,0,0,2450.016,0,0,0,2412.777,0,0,0,1413.698
Feb 29 2016  9:58PM,11.857,0,0,0,2450.016,0,0,0,2412.777,0,0,0,1413.698
Feb 29 2016  9:59PM,11.851,0,0,0,2450.016,0,0,0,2412.777,0,0,0,1413.698
Feb 29 2016 10:00PM,11.855,0,0,0,2450.016,0,0,0,2412.777,0,0,0,1413.698
Feb 29 2016 10:01PM,11.856,0,0,0,2450.016,0,0,0,2412.777,0,0,0,1413.698
Feb 29 2016 10:02PM,11.848,0,0,0,2450.016,0,0,0,2412.777,0,0,0,1413.698
Feb 29 2016 10:03PM,11.854,0,0,0,2450.016,0,0,0,2412.777,0,0,0,1413.698
Feb 29 2016 10:04PM,11.856,0,0,0,2450.016,0,0,0,2412.777,0,0,0,1413.698
Feb 29 2016 10:05PM,11.856,0,0,0,2450.016,0,0,0,2412.777,0,0,0,1413.698
Feb 29 2016 10:06PM,11.855,0,0,0,2450.016,0,0,0,2412.777,0,0,0,1413.698
Feb 29 2016 10:07PM,11.847,0,0,0,2450.016,0,0,0,2412.777,0,0,0,1413.698
Feb 29 2016 10:08PM,11.852,0,0,0,2450.016,0,0,0,2412.777,0,0,0,1413.698
Feb 29 2016 10:09PM,11.854,0,0,0,2450.016,0,0,0,2412.777,0,0,0,1413.698
Feb 29 2016 10:10PM,11.856,0,0,0,2450.016,0,0,0,2412.777,0,0,0,1413.698
Feb 29 2016 10:11PM,11.851,0,0,0,2450.016,0,0,0,2412.777,0,0,0,1413.698
Feb 29 2016 10:12PM,11.851,0,0,0,2450.016,0,0,0,2412.777,0,0,0,1413.698
Feb 29 2016 10:13PM,11.854,0,0,0,2450.016,0,0,0,2412.777,0,0,0,1413.698
Feb 29 2016 10:14PM,11.852,0,0,0,2450.016,0,0,0,2412.777,0,0,0,1413.698
Feb 29 2016 10:15PM,11.848,0,0,0,2450.016,0,0,0,2412.777,0,0,0,1413.698
Feb 29 2016 10:16PM,11.846,0,0,0,2450.016,0,0,0,2412.777,0,0,0,1413.698
Feb 29 2016 10:17PM,11.858,0,0,0,2450.016,0,0,0,2412.777,0,0,0,1413.698
Feb 29 2016 10:18PM,11.858,0,0,0,2450.016,0,0,0,2412.777,0,0,0,1413.698
Feb 29 2016 10:19PM,11.856,0,0,0,2450.016,0,0,0,2412.777,0,0,0,1413.698
Feb 29 2016 10:20PM,11.856,0,0,0,2450.016,0,0,0,2412.777,0,0,0,1413.698
Feb 29 2016 10:21PM,11.856,0,0,0,2450.016,0,0,0,2412.777,0,0,0,1413.698
Feb 29 2016 10:22PM,11.858,0,0,0,2450.016,0,0,0,2412.777,0,0,0,1413.698
Feb 29 2016 10:23PM,11.856,0,0,0,2450.016,0,0,0,2412.777,0,0,0,1413.698
Feb 29 2016 10:24PM,11.855,0,0,0,2450.016,0,0,0,2412.777,0,0,0,1413.698
Feb 29 2016 10:25PM,11.856,0,0,0,2450.016,0,0,0,2412.777,0,0,0,1413.698
Feb 29 2016 10:26PM,11.848,0,0,0,2450.016,0,0,0,2412.777,0,0,0,1413.698
Feb 29 2016 10:27PM,11.85,0,0,0,2450.016,0,0,0,2412.777,0,0,0,1413.698
Feb 29 2016 10:28PM,11.858,0,0,0,2450.016,0,0,0,2412.777,0,0,0,1413.698
Feb 29 2016 10:29PM,11.849,0,0,0,2450.016,0,0,0,2412.777,0,0,0,1413.698
Feb 29 2016 10:30PM,11.858,0,0,0,2450.016,0,0,0,2412.777,0,0,0,1413.698
Feb 29 2016 10:31PM,11.852,0,0,0,2450.016,0,0,0,2412.777,0,0,0,1413.698
Feb 29 2016 10:32PM,11.849,0,0,0,2450.016,0,0,0,2412.777,0,0,0,1413.698
Feb 29 2016 10:33PM,11.848,0,0,0,2450.016,0,0,0,2412.777,0,0,0,1413.698
Feb 29 2016 10:34PM,11.852,0,0,0,2450.016,0,0,0,2412.777,0,0,0,1413.698
Feb 29 2016 10:35PM,11.85,0,0,0,2450.016,0,0,0,2412.777,0,0,0,1413.698
Feb 29 2016 10:36PM,11.861,0,0,0,2450.016,0,0,0,2412.777,0,0,0,1413.698
Feb 29 2016 10:37PM,11.851,0,0,0,2450.016,0,0,0,2412.777,0,0,0,1413.698
Feb 29 2016 10:38PM,11.851,0,0,0,2450.016,0,0,0,2412.777,0,0,0,1413.698
Feb 29 2016 10:39PM,11.856,0,0,0,2450.016,0,0,0,2412.777,0,0,0,1413.698
Feb 29 2016 10:40PM,11.861,0,0,0,2450.016,0,0,0,2412.777,0,0,0,1413.698
Feb 29 2016 10:41PM,11.852,0,0,0,2450.016,0,0,0,2412.777,0,0,0,1413.698
Feb 29 2016 10:42PM,11.855,0,0,0,2450.016,0,0,0,2412.777,0,0,0,1413.698
Feb 29 2016 10:43PM,11.848,0,0,0,2450.016,0,0,0,2412.777,0,0,0,1413.698
Feb 29 2016 10:44PM,11.858,0,0,0,2450.016,0,0,0,2412.777,0,0,0,1413.698
Feb 29 2016 10:45PM,11.858,0,0,0,2450.016,0,0,0,2412.777,0,0,0,1413.698
Feb 29 2016 10:46PM,11.855,0,0,0,2450.016,0,0,0,2412.777,0,0,0,1413.698
Feb 29 2016 10:47PM,11.849,0,0,0,2450.016,0,0,0,2412.777,0,0,0,1413.698
Feb 29 2016 10:48PM,11.857,0,0,0,2450.016,0,0,0,2412.777,0,0,0,1413.698
Feb 29 2016 10:49PM,11.849,0,0,0,2450.016,0,0,0,2412.777,0,0,0,1413.698
Feb 29 2016 10:50PM,11.847,0,0,0,2450.016,0,0,0,2412.777,0,0,0,1413.698
Feb 29 2016 10:51PM,11.859,0,0,0,2450.016,0,0,0,2412.777,0,0,0,1413.698
Feb 29 2016 10:52PM,11.857,0,0,0,2450.016,0,0,0,2412.777,0,0,0,1413.698
Feb 29 2016 10:53PM,11.859,0,0,0,2450.016,0,0,0,2412.777,0,0,0,1413.698
Feb 29 2016 10:54PM,11.851,0,0,0,2450.016,0,0,0,2412.777,0,0,0,1413.698
Feb 29 2016 10:55PM,11.856,0,0,0,2450.016,0,0,0,2412.777,0,0,0,1413.698
Feb 29 2016 10:56PM,11.858,0,0,0,2450.016,0,0,0,2412.777,0,0,0,1413.698
Feb 29 2016 10:57PM,11.859,0,0,0,2450.016,0,0,0,2412.777,0,0,0,1413.698
Feb 29 2016 10:58PM,11.849,0,0,0,2450.016,0,0,0,2412.777,0,0,0,1413.698
Feb 29 2016 10:59PM,11.854,0,0,0,2450.016,0,0,0,2412.777,0,0,0,1413.698
Feb 29 2016 11:00PM,11.847,0,0,0,2450.016,0,0,0,2412.777,0,0,0,1413.698
Feb 29 2016 11:01PM,11.854,0,0,0,2450.016,0,0,0,2412.777,0,0,0,1413.698
Feb 29 2016 11:02PM,11.854,0,0,0,2450.016,0,0,0,2412.777,0,0,0,1413.698
Feb 29 2016 11:03PM,11.848,0,0,0,2450.016,0,0,0,2412.777,0,0,0,1413.698
Feb 29 2016 11:04PM,11.857,0,0,0,2450.016,0,0,0,2412.777,0,0,0,1413.698
Feb 29 2016 11:05PM,11.848,0,0,0,2450.016,0,0,0,2412.777,0,0,0,1413.698
Feb 29 2016 11:06PM,11.848,0,0,0,2450.016,0,0,0,2412.777,0,0,0,1413.698
Feb 29 2016 11:07PM,11.857,0,0,0,2450.016,0,0,0,2412.777,0,0,0,1413.698
Feb 29 2016 11:08PM,11.857,0,0,0,2450.016,0,0,0,2412.777,0,0,0,1413.698
Feb 29 2016 11:09PM,11.853,0,0,0,2450.016,0,0,0,2412.777,0,0,0,1413.698
Feb 29 2016 11:10PM,11.857,0,0,0,2450.016,0,0,0,2412.777,0,0,0,1413.698
Feb 29 2016 11:11PM,11.861,0,0,0,2450.016,0,0,0,2412.777,0,0,0,1413.698
Feb 29 2016 11:12PM,11.854,0,0,0,2450.016,0,0,0,2412.777,0,0,0,1413.698
Feb 29 2016 11:13PM,11.849,0,0,0,2450.016,0,0,0,2412.777,0,0,0,1413.698
Feb 29 2016 11:14PM,11.851,0,0,0,2450.016,0,0,0,2412.777,0,0,0,1413.698
Feb 29 2016 11:15PM,11.855,0,0,0,2450.016,0,0,0,2412.777,0,0,0,1413.698
Feb 29 2016 11:16PM,11.853,0,0,0,2450.016,0,0,0,2412.777,0,0,0,1413.698
Feb 29 2016 11:17PM,11.846,0,0,0,2450.016,0,0,0,2412.777,0,0,0,1413.698
Feb 29 2016 11:18PM,11.844,0,0,0,2450.016,0,0,0,2412.777,0,0,0,1413.698
Feb 29 2016 11:19PM,11.854,0,0,0,2450.016,0,0,0,2412.777,0,0,0,1413.698
Feb 29 2016 11:20PM,11.853,0,0,0,2450.016,0,0,0,2412.777,0,0,0,1413.698
Feb 29 2016 11:21PM,11.855,0,0,0,2450.016,0,0,0,2412.777,0,0,0,1413.698
Feb 29 2016 11:22PM,11.853,0,0,0,2450.016,0,0,0,2412.777,0,0,0,1413.698
Feb 29 2016 11:23PM,11.855,0,0,0,2450.016,0,0,0,2412.777,0,0,0,1413.698
Feb 29 2016 11:24PM,11.856,0,0,0,2450.016,0,0,0,2412.777,0,0,0,1413.698
Feb 29 2016 11:25PM,11.851,0,0,0,2450.016,0,0,0,2412.777,0,0,0,1413.698
Feb 29 2016 11:26PM,11.857,0,0,0,2450.016,0,0,0,2412.777,0,0,0,1413.698
Feb 29 2016 11:27PM,11.858,0,0,0,2450.016,0,0,0,2412.777,0,0,0,1413.698
Feb 29 2016 11:28PM,11.849,0,0,0,2450.016,0,0,0,2412.777,0,0,0,1413.698
Feb 29 2016 11:29PM,11.857,0,0,0,2450.016,0,0,0,2412.777,0,0,0,1413.698
Feb 29 2016 11:30PM,11.86,0,0,0,2450.016,0,0,0,2412.777,0,0,0,1413.698
Feb 29 2016 11:31PM,11.846,0,0,0,2450.016,0,0,0,2412.777,0,0,0,1413.698
Feb 29 2016 11:32PM,11.85,0,0,0,2450.016,0,0,0,2412.777,0,0,0,1413.698
Feb 29 2016 11:33PM,11.854,0,0,0,2450.016,0,0,0,2412.777,0,0,0,1413.698
Feb 29 2016 11:34PM,11.848,0,0,0,2450.016,0,0,0,2412.777,0,0,0,1413.698
Feb 29 2016 11:35PM,11.851,0,0,0,2450.016,0,0,0,2412.777,0,0,0,1413.698
Feb 29 2016 11:36PM,11.851,0,0,0,2450.016,0,0,0,2412.777,0,0,0,1413.698
Feb 29 2016 11:37PM,11.85,0,0,0,2450.016,0,0,0,2412.777,0,0,0,1413.698
Feb 29 2016 11:38PM,11.858,0,0,0,2450.016,0,0,0,2412.777,0,0,0,1413.698
Feb 29 2016 11:39PM,11.858,0,0,0,2450.016,0,0,0,2412.777,0,0,0,1413.698
Feb 29 2016 11:40PM,11.846,0,0,0,2450.016,0,0,0,2412.777,0,0,0,1413.698
Feb 29 2016 11:41PM,11.859,0,0,0,2450.016,0,0,0,2412.777,0,0,0,1413.698
Feb 29 2016 11:42PM,11.85,0,0,0,2450.016,0,0,0,2412.777,0,0,0,1413.698
Feb 29 2016 11:43PM,11.853,0,0,0,2450.016,0,0,0,2412.777,0,0,0,1413.698
Feb 29 2016 11:44PM,11.855,0,0,0,2450.016,0,0,0,2412.777,0,0,0,1413.698
Feb 29 2016 11:45PM,11.858,0,0,0,2450.016,0,0,0,2412.777,0,0,0,1413.698
Feb 29 2016 11:46PM,11.858,0,0,0,2450.016,0,0,0,2412.777,0,0,0,1413.698
Feb 29 2016 11:47PM,11.851,0,0,0,2450.016,0,0,0,2412.777,0,0,0,1413.698
Feb 29 2016 11:48PM,11.851,0,0,0,2450.016,0,0,0,2412.777,0,0,0,1413.698
Feb 29 2016 11:49PM,11.851,0,0,0,2450.016,0,0,0,2412.777,0,0,0,1413.698
Feb 29 2016 11:50PM,11.849,0,0,0,2450.016,0,0,0,2412.777,0,0,0,1413.698
Feb 29 2016 11:51PM,11.853,0,0,0,2450.016,0,0,0,2412.777,0,0,0,1413.698
Feb 29 2016 11:52PM,11.859,0,0,0,2450.016,0,0,0,2412.777,0,0,0,1413.698
Feb 29 2016 11:53PM,11.851,0,0,0,2450.016,0,0,0,2412.777,0,0,0,1413.698
Feb 29 2016 11:54PM,11.853,0,0,0,2450.016,0,0,0,2412.777,0,0,0,1413.698
Feb 29 2016 11:55PM,11.848,0,0,0,2450.016,0,0,0,2412.777,0,0,0,1413.698
Feb 29 2016 11:56PM,11.846,0,0,0,2450.016,0,0,0,2412.777,0,0,0,1413.698
Feb 29 2016 11:57PM,11.857,0,0,0,2450.016,0,0,0,2412.777,0,0,0,1413.698
Feb 29 2016 11:58PM,11.855,0,0,0,2450.016,0,0,0,2412.777,0,0,0,1413.698
Feb 29 2016 11:59PM,11.847,0,0,0,2450.016,0,0,0,2412.777,0,0,0,1413.698
,,0,0,0,2450.016,0,0,0,2412.777,,,,
,,0,0,0,2450.016,0,0,0,2412.777,,,,
,,0,0,0,2450.016,0,0,0,2412.777,,,,
,,0,0,0,2450.016,0,0,0,2412.777,,,,
,,0,0,0,2450.016,0,0,0,2412.777,,,,
,,0,0,0,2450.016,0,0,0,2412.777,,,,
,,0,0,0,2450.016,0,0,0,2412.777,,,,
,,0,0,0,2450.016,0,0,0,2412.777,,,,
,,0,0,0,2450.016,0,0,0,2412.777,,,,
,,0,0,0,2450.016,0,0,0,2412.777,,,,
,,0,0,0,2450.016,0,0,0,2412.777,,,,
,,0,0,0,2450.016,0,0,0,2412.777,,,,
,,0,0,0,2450.016,0,0,0,2412.777,,,,
,,0,0,0,2450.016,0,0,0,2412.777,,,,
,,0,0,0,2450.016,0,0,0,2412.777,,,,
,,0,0,0,2450.016,0,0,0,2412.777,,,,
,,0,0,0,2450.016,0,0,0,2412.777,,,,
,,0,0,0,2450.016,0,0,0,2412.777,,,,
,,0,0,0,2450.016,0,0,0,2412.777,,,,
,,0,0,0,2450.016,0,0,0,2412.777,,,,
,,0,0,0,2450.016,0,0,0,2412.777,,,,
,,0,0,0,2450.016,0,0,0,2412.777,,,,
,,0,0,0,2450.016,0,0,0,2412.777,,,,
,,0,0,0,2450.016,0,0,0,2412.777,,,,
,,0,0,0,2450.016,0,0,0,2412.777,,,,
,,0,0,0,2450.016,0,0,0,2412.777,,,,
,,0,0,0,2450.016,0,0,0,2412.777,,,,
,,0,0,0,2450.016,0,0,0,2412.777,,,,
,,0,0,0,2450.016,0,0,0,2412.777,,,,
,,0,0,0,2450.016,0,0,0,2412.777,,,,
